,Education,Family,Income,Personal Loan,Mortgage,Age,Securities Account,CreditCard
0,1,4,49,0,0,25,1,0
1,1,3,34,0,0,45,1,0
2,1,1,11,0,0,39,0,0
3,2,1,100,0,0,35,0,0
4,2,4,45,0,0,35,0,1
5,2,4,29,0,155,37,0,0
6,2,2,72,0,0,53,0,0
7,3,1,22,0,0,50,0,1
8,2,3,81,0,104,35,0,0
9,3,1,180,1,0,34,0,0
10,3,4,105,0,0,65,0,0
11,2,3,45,0,0,29,0,0
12,3,2,114,0,0,48,1,0
13,2,4,40,0,0,59,0,0
14,1,1,112,0,0,67,1,0
15,3,1,22,0,0,60,0,1
16,3,4,130,1,134,38,0,0
17,1,4,81,0,0,42,0,0
18,3,2,193,1,0,46,0,0
19,2,1,21,0,0,55,1,1
20,2,4,25,0,111,56,0,0
21,3,3,63,0,0,57,0,0
22,1,1,62,0,260,29,0,0
23,1,2,43,0,163,44,1,0
24,1,2,152,0,159,36,0,1
25,1,3,29,0,97,43,0,0
26,3,4,83,0,0,40,0,0
27,1,1,158,0,0,46,0,1
28,3,1,48,0,0,56,0,1
29,2,1,119,1,0,38,0,1
30,3,1,35,0,122,59,0,0
31,2,1,29,0,0,40,0,0
32,3,2,41,0,193,53,0,0
33,3,3,18,0,0,30,0,0
34,3,4,50,0,0,31,0,0
35,1,3,81,0,0,48,0,0
36,1,1,121,0,0,59,0,1
37,3,1,71,0,198,51,0,0
38,3,3,141,1,0,42,1,0
39,3,4,80,0,285,38,0,0
40,3,3,84,0,0,57,1,0
41,1,3,60,0,0,34,0,0
42,2,4,132,1,412,32,0,0
43,1,1,45,0,0,39,0,0
44,1,1,104,0,0,46,0,1
45,1,4,52,0,0,57,0,1
46,2,3,43,0,153,39,0,0
47,3,4,194,1,211,37,1,1
48,3,2,81,0,0,56,0,1
49,1,1,49,0,0,40,0,1
50,2,4,8,0,0,32,1,0
51,1,1,131,0,0,61,0,0
52,1,1,72,0,207,30,0,0
53,3,3,190,1,240,50,0,0
54,3,1,44,0,0,29,0,0
55,1,2,139,0,0,41,0,0
56,2,3,29,0,0,55,1,0
57,3,2,131,1,0,56,0,0
58,1,2,93,0,0,28,0,0
59,1,2,188,0,455,31,0,0
60,2,3,39,0,0,49,1,0
61,1,1,125,0,112,47,1,0
62,1,1,22,0,0,42,0,0
63,2,4,32,0,0,42,0,0
64,1,2,105,0,0,47,0,0
65,1,1,131,0,0,59,0,1
66,1,2,105,0,336,62,0,0
67,3,4,45,0,132,53,1,0
68,1,3,60,0,0,47,0,1
69,1,4,20,0,0,53,0,0
70,1,1,115,0,0,42,0,1
71,2,4,69,0,0,53,0,0
72,1,1,130,0,0,44,0,1
73,3,1,85,0,0,41,0,1
74,1,2,135,0,0,28,0,1
75,2,4,135,1,0,31,0,1
76,3,3,12,0,0,58,0,0
77,2,3,29,0,0,46,0,0
78,3,2,133,1,0,54,0,0
79,1,2,19,0,118,50,0,0
80,1,4,41,0,174,60,0,1
81,2,3,40,0,0,47,0,0
82,3,1,82,0,0,41,0,0
83,2,1,50,0,0,33,0,0
84,3,1,18,0,0,46,0,0
85,3,4,109,0,0,27,0,0
86,2,4,42,0,126,40,0,0
87,1,3,78,0,0,48,0,0
88,1,2,51,0,0,65,0,0
89,3,4,113,0,0,25,0,1
90,2,4,118,1,0,55,0,0
91,3,4,29,0,0,35,0,0
92,2,3,34,0,0,43,0,0
93,3,2,64,0,236,60,1,0
94,1,1,121,0,0,65,0,0
95,3,4,48,0,0,38,0,0
96,1,1,80,0,0,41,0,0
97,1,1,161,0,0,54,0,0
98,1,1,94,0,0,49,0,0
99,3,3,15,0,0,66,0,0
100,1,1,74,0,0,48,0,0
101,2,3,30,0,0,61,0,0
102,3,3,44,0,198,53,0,1
103,2,2,22,0,0,43,0,0
104,1,4,38,0,166,56,0,1
105,2,3,35,0,0,24,1,0
106,1,4,69,0,0,43,0,1
107,1,1,43,0,136,42,0,0
108,3,1,32,0,166,33,0,0
109,1,1,49,0,0,43,0,0
110,2,3,9,0,0,41,0,0
111,2,4,45,0,0,62,0,0
112,1,3,82,0,309,40,0,0
113,1,2,92,0,103,58,0,0
114,3,3,39,0,0,39,0,0
115,2,3,81,0,0,65,0,0
116,2,1,35,0,0,54,0,0
117,3,2,61,0,193,58,0,0
118,1,3,73,0,0,41,0,0
119,1,1,112,0,366,32,0,0
120,3,2,12,0,0,54,0,0
121,3,3,38,0,0,52,0,0
122,2,2,73,0,0,58,0,1
123,2,1,84,0,0,37,1,0
124,1,4,78,0,118,39,0,0
125,1,3,80,0,0,60,0,0
126,1,2,115,0,101,31,0,1
127,2,1,82,0,251,34,0,0
128,1,2,74,0,0,38,1,0
129,3,3,70,0,0,41,0,1
130,1,3,81,0,276,28,0,0
131,2,4,149,1,0,58,0,1
132,3,2,51,0,0,31,0,0
133,2,3,39,0,0,30,0,0
134,2,3,98,0,0,53,0,0
135,1,4,45,0,0,58,0,1
136,2,4,49,0,0,59,0,0
137,1,2,128,0,0,49,0,0
138,1,3,42,0,0,59,1,1
139,3,1,18,0,0,59,0,0
140,3,2,31,0,161,51,0,1
141,1,3,58,0,149,35,0,1
142,3,1,48,0,0,33,0,1
143,1,4,54,0,0,25,0,1
144,2,2,70,0,0,49,0,0
145,1,1,124,0,0,59,0,1
146,2,1,84,0,0,46,0,1
147,3,4,83,0,188,50,0,0
148,1,2,163,0,116,52,0,0
149,2,3,42,0,0,48,0,0
150,1,2,118,0,0,46,0,1
151,3,3,132,1,0,26,0,1
152,1,1,24,0,0,57,0,1
153,1,2,22,0,0,60,1,1
154,3,4,58,0,0,54,0,0
155,1,4,60,0,0,24,0,0
156,1,4,15,0,0,26,0,1
157,1,4,83,0,0,41,0,1
158,3,2,79,0,0,32,0,1
159,2,4,41,0,0,61,1,0
160,3,4,134,1,0,29,0,0
161,1,2,80,0,0,61,0,0
162,1,1,52,0,0,38,0,0
163,1,4,70,0,0,28,0,0
164,1,2,92,0,0,53,1,0
165,1,1,43,0,0,27,0,0
166,2,3,21,0,0,25,0,0
167,3,3,23,0,0,33,0,1
168,1,4,13,0,0,50,0,0
169,3,4,112,0,0,27,0,1
170,1,2,138,0,0,27,0,0
171,1,3,11,0,0,52,1,0
172,1,2,171,0,0,38,0,0
173,1,4,42,0,0,58,0,1
174,2,2,168,1,0,42,0,0
175,2,4,85,0,0,45,1,0
176,2,3,44,0,135,52,0,0
177,2,4,65,0,244,29,0,0
178,1,4,24,0,0,53,0,1
179,1,1,11,0,0,62,0,0
180,3,2,38,0,164,51,0,0
181,2,4,10,0,81,36,0,0
182,1,1,135,0,0,24,0,0
183,1,3,148,1,0,29,0,0
184,2,2,63,0,0,52,1,0
185,3,1,115,0,0,39,0,0
186,1,1,45,0,0,48,0,1
187,3,3,159,1,315,46,0,0
188,1,2,169,0,122,64,0,0
189,1,2,112,0,0,55,0,0
190,1,1,93,0,0,60,0,0
191,3,1,29,0,140,51,0,0
192,2,1,85,0,0,50,0,0
193,1,4,21,0,0,48,0,1
194,1,2,144,0,0,53,0,0
195,1,4,13,0,95,34,1,0
196,1,1,165,0,0,48,0,1
197,1,4,9,0,89,55,0,0
198,1,4,59,0,90,27,1,0
199,3,1,158,1,0,36,0,1
200,3,1,29,0,0,32,0,1
201,3,2,20,0,0,35,0,1
202,2,4,68,0,0,30,0,0
203,1,4,65,0,0,58,0,0
204,2,2,61,0,105,56,0,0
205,2,4,91,0,100,38,0,1
206,1,1,31,0,0,49,1,0
207,2,4,71,0,0,34,0,0
208,1,4,73,0,0,40,0,1
209,1,4,172,1,282,64,0,1
210,1,2,20,0,0,51,0,0
211,1,1,55,0,0,44,0,0
212,1,2,69,0,209,46,0,0
213,1,1,155,0,0,57,0,0
214,2,1,94,0,0,54,0,0
215,1,2,92,0,249,38,0,1
216,1,2,125,0,0,27,0,0
217,1,3,74,0,0,39,0,0
218,3,3,72,0,0,44,0,0
219,3,1,61,0,0,56,0,1
220,1,2,25,0,0,32,0,1
221,2,2,83,0,0,45,0,0
222,1,3,104,0,0,26,0,0
223,3,3,41,0,0,55,0,0
224,3,4,58,0,91,52,0,0
225,3,1,93,0,0,39,0,1
226,2,2,39,0,0,24,0,0
227,1,2,148,0,0,47,0,1
228,3,4,53,0,98,47,1,1
229,1,2,71,0,145,48,0,1
230,2,1,92,0,0,47,0,0
231,3,4,61,0,0,35,0,0
232,2,3,38,0,135,46,0,0
233,1,4,58,0,0,62,0,0
234,2,1,80,0,150,26,0,0
235,3,4,71,0,0,38,0,0
236,3,3,89,0,0,43,0,1
237,3,1,83,0,0,62,0,0
238,1,3,28,0,0,57,0,1
239,2,4,52,0,0,28,0,0
240,1,1,70,0,169,51,0,0
241,3,1,71,0,0,48,0,1
242,3,1,75,0,280,41,0,0
243,3,3,170,1,99,65,0,0
244,1,4,78,0,78,41,0,0
245,2,2,25,0,0,35,0,0
246,3,2,60,0,0,38,0,1
247,2,4,120,1,111,53,1,0
248,1,2,99,0,264,55,0,1
249,3,3,55,0,113,26,0,1
250,2,3,29,0,117,30,0,0
251,2,2,170,1,325,54,0,0
252,1,3,53,0,0,65,0,1
253,1,1,138,0,0,47,0,0
254,3,3,134,1,121,65,0,0
255,3,2,42,0,138,66,0,1
256,3,4,99,0,0,26,0,1
257,1,3,18,0,0,66,0,1
258,1,4,24,0,0,35,0,0
259,1,1,55,0,77,56,0,0
260,1,1,58,0,0,51,0,1
261,3,2,111,1,251,42,0,0
262,3,1,33,0,0,49,0,1
263,2,4,74,0,112,27,0,1
264,1,2,38,0,0,45,0,0
265,3,4,23,0,98,49,1,0
266,1,2,61,0,0,63,0,0
267,1,1,81,0,138,47,0,0
268,1,1,129,0,0,64,0,0
269,3,1,33,0,0,43,0,0
270,1,4,63,0,0,60,0,0
271,2,4,70,0,0,40,0,0
272,1,4,45,0,158,29,0,1
273,3,3,65,0,0,41,0,0
274,1,4,74,0,0,30,1,1
275,3,4,50,0,0,49,1,0
276,3,4,22,0,109,30,0,0
277,3,4,30,0,0,29,0,0
278,1,4,21,0,0,50,0,0
279,1,2,155,0,0,39,0,0
280,3,4,64,0,164,33,0,0
281,3,4,65,0,0,57,0,1
282,3,4,71,0,0,34,0,0
283,2,3,40,0,0,61,1,0
284,3,3,69,0,0,44,0,0
285,2,3,69,0,0,40,0,0
286,2,3,45,0,131,51,0,0
287,2,3,62,0,0,37,0,1
288,3,2,172,1,391,44,1,0
289,2,3,24,0,0,42,0,1
290,1,1,80,0,0,51,0,0
291,2,3,8,0,88,43,0,0
292,1,4,38,0,129,30,0,1
293,3,4,93,0,0,45,0,0
294,1,1,55,0,0,35,0,0
295,3,2,64,0,0,60,0,1
296,1,1,122,0,0,34,0,0
297,3,3,70,0,0,55,0,0
298,1,2,81,0,0,43,0,0
299,3,1,159,1,0,41,0,0
300,1,4,70,0,0,34,1,0
301,1,2,150,0,196,65,0,0
302,1,2,152,0,0,45,0,0
303,1,4,195,1,617,49,0,0
304,1,1,22,0,0,48,0,0
305,1,1,22,0,123,60,0,0
306,1,3,79,0,0,55,0,1
307,3,1,33,0,0,42,0,0
308,1,2,128,0,0,32,0,1
309,1,1,91,0,0,62,1,0
310,1,4,39,0,0,57,0,1
311,1,1,121,0,167,52,0,0
312,3,1,21,0,0,36,1,0
313,1,3,41,0,0,34,0,1
314,3,2,45,0,0,63,0,0
315,3,3,51,0,0,24,0,0
316,2,1,165,1,0,57,0,0
317,2,2,119,1,0,40,0,0
318,3,4,110,0,190,27,0,0
319,2,3,20,0,0,65,0,1
320,2,1,64,0,248,60,0,0
321,2,3,101,1,82,44,0,0
322,1,1,101,1,0,63,1,0
323,1,1,99,1,0,59,0,0
324,1,4,158,1,0,56,0,0
325,2,1,89,0,0,54,0,1
326,3,1,80,0,0,52,0,1
327,1,2,114,0,402,58,0,0
328,2,3,49,0,0,60,0,1
329,1,1,191,0,0,28,0,0
330,2,4,78,0,0,54,0,0
331,1,3,28,0,0,32,0,0
332,2,1,42,0,0,59,0,0
333,1,1,140,0,0,63,0,0
334,2,1,45,0,0,48,0,0
335,1,2,122,0,360,56,0,1
336,2,3,65,0,0,36,0,0
337,3,1,68,0,0,57,0,0
338,1,2,153,0,392,29,0,0
339,2,4,89,0,0,39,0,0
340,1,1,91,0,0,59,0,1
341,2,4,55,0,185,31,0,0
342,1,2,118,0,0,43,0,1
343,3,1,22,0,103,35,0,0
344,3,3,63,0,138,54,0,1
345,2,4,12,0,78,51,1,0
346,2,3,50,0,0,44,0,0
347,3,2,43,0,0,25,1,1
348,1,4,173,1,0,40,0,1
349,1,2,60,1,132,26,0,0
350,3,1,113,0,0,39,1,0
351,2,4,155,1,0,28,0,0
352,2,4,91,0,0,52,0,1
353,2,4,55,0,0,53,0,0
354,1,2,173,0,419,44,0,0
355,3,3,71,0,0,43,0,1
356,3,2,24,0,88,56,0,0
357,2,1,42,0,81,38,0,0
358,1,2,141,0,0,30,0,0
359,3,1,32,0,0,32,0,0
360,1,4,55,0,0,35,0,0
361,1,2,153,0,0,43,0,0
362,1,2,113,0,270,58,0,1
363,2,2,30,0,0,25,0,0
364,3,3,29,0,148,54,0,1
365,2,1,174,1,466,57,0,0
366,3,1,35,0,0,50,0,0
367,2,2,98,0,175,32,0,0
368,3,2,30,0,159,63,0,0
369,1,2,58,0,0,31,0,1
370,1,4,25,0,147,36,0,0
371,1,4,19,0,0,58,0,0
372,2,4,44,0,174,56,0,0
373,1,4,20,0,111,49,0,1
374,1,2,98,0,220,30,0,0
375,1,3,90,0,0,33,0,0
376,1,3,61,0,0,45,0,0
377,2,4,40,0,0,30,0,0
378,3,2,38,0,0,47,0,0
379,2,2,28,0,0,25,0,0
380,3,1,34,0,0,63,0,1
381,3,2,73,0,0,55,0,1
382,1,4,133,1,0,65,0,1
383,1,1,53,0,0,44,0,0
384,3,4,21,0,0,51,0,1
385,1,3,40,0,0,35,0,0
386,2,4,41,0,0,30,0,0
387,2,4,82,0,0,31,0,0
388,3,4,100,1,0,54,0,0
389,1,1,155,0,0,45,0,1
390,1,1,45,0,0,45,0,0
391,3,3,9,0,0,58,0,1
392,3,4,48,0,0,54,0,0
393,3,4,18,0,109,53,1,1
394,1,4,80,0,0,33,0,1
395,1,2,64,0,0,60,0,0
396,1,4,29,0,0,50,0,0
397,2,3,48,0,0,26,0,0
398,1,2,23,0,0,54,0,0
399,1,4,84,0,0,28,0,1
400,1,3,179,1,0,36,0,0
401,2,4,30,0,112,29,0,1
402,1,1,93,0,133,54,0,1
403,2,2,39,0,0,55,0,0
404,2,3,60,0,182,61,0,0
405,1,1,133,0,290,36,1,1
406,1,1,125,0,0,45,0,0
407,3,1,58,0,0,64,0,0
408,1,2,89,0,0,60,0,0
409,2,1,82,0,125,49,0,0
410,1,2,110,0,0,47,0,1
411,3,4,54,0,0,60,1,0
412,3,4,89,0,0,45,0,0
413,1,3,42,0,0,32,0,0
414,2,3,41,0,0,52,0,1
415,2,4,38,0,124,35,0,0
416,1,2,85,0,0,40,0,0
417,2,4,83,0,0,53,0,0
418,3,4,33,0,0,27,0,0
419,1,4,50,0,0,58,0,1
420,3,4,58,0,0,47,0,1
421,2,4,115,1,0,28,0,0
422,1,2,145,0,0,46,1,0
423,1,2,161,0,0,43,0,0
424,1,1,38,0,0,56,0,0
425,1,4,28,0,0,28,0,0
426,1,3,75,0,0,42,0,1
427,1,3,35,0,116,32,0,1
428,1,2,24,0,116,62,0,1
429,2,4,78,0,0,37,0,0
430,3,1,113,0,161,51,0,0
431,1,3,75,0,224,39,0,0
432,1,1,91,0,0,43,0,0
433,1,4,31,0,141,52,0,1
434,2,1,45,0,0,30,0,0
435,1,3,80,0,0,52,0,0
436,3,3,50,0,112,61,0,0
437,2,4,31,0,0,36,1,0
438,2,2,113,1,119,58,0,1
439,1,4,29,0,0,47,0,0
440,1,2,59,0,139,64,0,0
441,2,1,43,0,0,52,1,0
442,3,1,122,1,115,58,0,0
443,1,1,29,0,0,48,0,0
444,3,2,91,0,0,64,0,1
445,3,3,65,0,0,58,0,0
446,1,1,22,0,0,47,0,1
447,3,1,71,0,0,49,0,0
448,2,4,60,0,0,31,0,1
449,3,3,60,0,0,61,0,0
450,1,1,69,0,0,51,0,1
451,3,2,48,0,89,28,0,0
452,2,3,21,0,0,39,0,0
453,2,4,53,0,0,54,1,0
454,3,3,29,0,0,50,0,0
455,2,4,60,0,0,30,0,0
456,2,3,42,0,116,64,0,0
457,3,3,69,0,0,29,0,0
458,1,1,20,0,0,48,0,1
459,1,2,200,0,458,35,0,0
460,1,2,141,0,0,60,0,1
461,1,2,81,0,0,55,1,0
462,3,3,183,1,0,29,0,0
463,2,2,149,1,0,48,1,0
464,3,4,83,1,0,43,0,1
465,2,1,35,0,172,66,0,0
466,3,2,13,0,0,25,0,0
467,1,1,39,0,0,45,0,1
468,3,1,21,0,0,34,0,0
469,3,2,10,0,0,48,0,1
470,2,4,84,0,0,32,0,0
471,1,4,30,0,161,50,0,1
472,1,4,31,0,156,43,0,0
473,2,1,182,1,547,64,0,0
474,1,2,114,0,0,60,0,0
475,2,3,152,1,0,43,0,0
476,2,1,53,0,0,60,1,1
477,2,4,24,0,78,64,0,0
478,1,2,150,0,0,44,0,1
479,1,2,132,0,470,60,0,1
480,3,3,68,0,0,54,0,1
481,1,1,53,0,0,33,0,1
482,2,1,173,1,88,56,0,0
483,2,3,30,0,0,29,0,0
484,1,2,113,0,0,25,0,1
485,2,1,15,0,0,60,0,0
486,1,2,84,0,304,55,1,0
487,2,4,88,0,0,39,0,1
488,1,3,43,0,0,37,0,0
489,3,2,43,0,0,53,0,1
490,1,2,90,0,0,34,0,0
491,1,4,34,0,104,42,1,0
492,1,4,38,0,0,60,0,0
493,1,1,173,0,0,50,0,1
494,1,2,160,0,0,41,0,0
495,2,4,44,0,0,25,0,1
496,3,2,83,0,0,50,0,0
497,3,4,94,0,0,48,0,0
498,3,1,43,0,0,32,0,1
499,2,3,42,0,0,50,0,0
500,1,2,34,0,0,59,0,0
501,2,3,39,0,0,50,0,0
502,2,1,70,0,0,44,0,0
503,3,4,39,0,185,31,0,1
504,3,3,44,0,0,40,0,0
505,2,3,69,1,0,36,0,0
506,3,3,44,0,0,51,0,0
507,3,3,32,0,0,64,0,0
508,3,2,15,0,0,47,0,0
509,1,2,118,0,112,52,0,0
510,2,1,62,0,221,51,0,0
511,2,4,82,0,0,31,0,0
512,1,3,54,0,108,39,0,1
513,3,1,48,0,0,30,0,0
514,3,3,74,0,0,27,0,0
515,3,1,113,0,211,41,0,1
516,2,3,81,0,0,53,0,0
517,2,3,43,0,169,54,0,0
518,2,1,34,0,0,28,0,0
519,3,1,48,0,105,34,0,0
520,2,4,54,0,129,61,0,1
521,2,4,75,0,0,48,0,0
522,1,1,72,0,224,36,0,0
523,1,4,39,0,0,56,0,0
524,1,4,75,0,0,24,0,0
525,1,2,79,0,179,64,0,0
526,1,1,205,0,271,26,0,1
527,1,2,65,0,89,33,0,0
528,1,4,122,1,378,64,0,0
529,2,1,82,0,0,39,0,0
530,1,2,21,0,0,54,0,1
531,3,4,50,0,0,32,1,1
532,1,2,39,0,113,62,0,1
533,1,1,101,0,0,27,0,0
534,3,2,41,0,0,53,1,0
535,1,1,132,0,0,51,0,0
536,2,3,43,0,176,25,0,0
537,3,1,131,1,0,44,0,0
538,2,1,11,0,76,31,0,1
539,3,1,21,0,117,57,0,0
540,3,4,109,0,314,25,0,0
541,1,2,141,0,0,30,0,0
542,1,3,81,0,0,40,0,0
543,1,3,54,0,90,63,0,1
544,1,2,164,0,0,35,0,0
545,1,4,28,0,87,43,0,0
546,3,3,68,0,203,27,1,0
547,3,3,44,0,180,44,1,1
548,3,1,61,0,0,49,0,1
549,2,3,35,0,0,61,0,1
550,2,3,54,0,0,60,0,1
551,1,1,14,0,0,59,0,1
552,1,4,52,0,230,28,0,0
553,1,2,101,0,0,52,0,0
554,1,2,149,0,0,28,0,0
555,1,4,35,0,137,34,0,1
556,3,3,21,0,129,60,0,0
557,1,2,118,0,0,39,0,1
558,2,4,38,0,0,30,1,0
559,1,4,24,0,138,49,0,0
560,3,1,59,0,0,43,0,0
561,3,4,41,0,0,63,0,0
562,2,1,85,0,0,28,0,1
563,1,4,12,0,0,51,0,0
564,3,1,32,0,152,33,0,0
565,1,3,79,0,0,55,0,0
566,3,3,175,1,0,53,0,1
567,1,3,28,0,0,34,0,0
568,1,2,41,0,161,34,0,1
569,1,3,70,0,185,40,0,0
570,2,3,161,1,485,49,1,0
571,2,4,53,0,0,35,0,0
572,1,1,128,0,0,39,0,0
573,2,3,50,0,0,55,0,1
574,2,2,80,0,0,29,0,1
575,2,1,93,0,0,54,0,0
576,3,3,48,0,0,25,0,1
577,1,2,149,0,0,52,0,0
578,2,3,49,0,0,46,0,1
579,2,1,88,0,0,57,0,0
580,3,4,22,0,0,52,0,1
581,1,4,55,0,0,28,0,1
582,3,1,72,0,155,44,0,0
583,2,2,38,0,0,24,0,0
584,1,1,114,0,300,40,0,0
585,3,4,83,0,0,34,0,0
586,1,2,101,0,0,39,0,1
587,1,1,94,0,272,50,0,0
588,1,2,40,0,0,41,0,1
589,1,1,128,0,0,31,0,0
590,3,4,39,0,0,29,0,0
591,1,1,51,0,0,30,0,0
592,3,4,79,0,0,44,1,1
593,2,4,48,0,0,33,0,0
594,1,1,85,0,144,50,0,0
595,1,1,41,0,94,42,0,0
596,3,1,152,1,0,48,0,0
597,1,2,125,0,0,24,1,1
598,3,2,11,0,90,56,0,0
599,1,2,103,0,0,28,0,1
600,1,2,141,0,0,56,0,0
601,1,1,38,0,0,58,0,1
602,1,2,135,0,0,29,0,0
603,2,2,28,0,89,63,0,0
604,1,4,70,0,240,28,0,1
605,1,1,41,0,0,57,0,1
606,2,3,81,0,208,34,0,0
607,3,1,170,1,0,28,0,0
608,2,4,55,0,0,27,0,0
609,3,4,24,0,0,37,0,0
610,2,3,81,0,275,52,0,0
611,1,4,32,0,83,49,0,0
612,1,1,129,0,0,65,0,1
613,1,1,108,0,0,60,1,0
614,1,1,180,0,0,37,0,1
615,1,2,139,0,0,63,0,0
616,3,2,33,0,0,40,0,1
617,3,4,74,0,0,46,0,0
618,3,2,42,0,115,63,0,0
619,3,1,73,0,0,57,0,0
620,2,4,115,1,0,33,0,0
621,2,2,114,0,0,41,0,0
622,1,2,92,0,131,41,0,0
623,3,1,34,0,78,44,0,0
624,2,2,54,0,122,33,0,0
625,3,2,64,0,211,52,0,0
626,3,1,42,0,100,30,0,1
627,1,3,70,0,0,45,0,0
628,2,1,51,0,0,49,0,0
629,1,4,71,0,218,45,0,1
630,1,3,35,0,108,32,0,1
631,2,3,40,0,0,45,0,0
632,3,4,165,1,0,57,0,0
633,3,1,18,0,0,61,0,1
634,1,3,32,0,0,57,1,1
635,1,3,35,0,169,60,0,0
636,1,2,120,0,196,40,0,0
637,3,4,31,0,0,53,0,0
638,1,3,35,0,0,42,0,0
639,3,2,32,0,0,62,0,1
640,3,1,85,0,327,43,1,0
641,1,2,139,0,0,35,0,0
642,1,1,103,0,0,50,0,0
643,1,2,152,0,0,45,0,0
644,2,2,33,0,0,52,0,0
645,2,4,84,0,322,35,0,0
646,1,4,61,0,0,58,0,0
647,1,4,64,0,123,62,1,1
648,2,1,34,0,0,50,0,0
649,3,4,82,0,0,25,0,0
650,3,1,122,1,163,47,1,0
651,1,3,58,0,131,28,0,0
652,1,1,92,0,0,34,0,0
653,2,2,78,0,205,49,0,1
654,3,4,129,1,0,54,0,0
655,3,2,13,0,0,50,0,0
656,3,1,81,0,145,37,0,0
657,3,1,23,0,0,38,0,0
658,3,3,35,0,0,52,0,0
659,2,4,79,0,0,63,0,1
660,1,2,165,0,0,39,0,0
661,1,2,52,0,0,63,0,0
662,2,3,185,1,0,65,0,0
663,2,3,49,0,0,46,0,0
664,3,1,64,0,227,54,0,1
665,3,4,61,0,0,54,1,0
666,1,1,112,0,0,52,1,1
667,3,3,72,0,190,63,1,0
668,1,3,18,0,0,66,0,0
669,2,4,41,0,0,56,0,0
670,1,4,61,0,239,23,0,0
671,2,1,105,1,282,65,1,0
672,1,1,23,0,0,51,0,0
673,3,1,22,0,85,34,0,0
674,1,3,59,0,0,49,0,0
675,2,1,33,0,160,29,0,0
676,3,1,11,0,103,47,0,1
677,1,2,204,0,0,46,0,0
678,3,4,61,0,207,52,0,0
679,2,3,103,0,364,55,0,0
680,1,3,51,0,0,61,0,1
681,3,1,164,1,0,34,0,0
682,2,1,12,0,0,58,0,1
683,2,1,82,0,0,40,0,0
684,1,1,164,0,449,43,0,0
685,2,2,48,0,0,35,0,0
686,2,4,38,0,0,24,0,0
687,2,2,65,0,0,48,0,0
688,1,4,71,0,207,44,0,0
689,1,1,18,0,0,54,1,0
690,3,2,52,0,75,59,0,0
691,2,3,48,0,113,45,0,1
692,3,1,30,0,111,26,0,0
693,3,2,40,0,107,40,0,0
694,1,1,112,0,81,32,0,0
695,1,1,115,0,0,29,0,0
696,3,2,63,0,82,51,0,0
697,3,1,85,0,0,42,0,0
698,3,1,59,0,220,64,0,0
699,3,1,68,0,91,44,0,0
700,1,2,84,0,0,37,0,1
701,3,3,62,0,0,44,0,1
702,1,3,109,1,0,35,0,0
703,1,2,141,0,92,41,0,0
704,1,1,129,0,0,56,0,0
705,2,3,30,0,0,62,0,0
706,1,1,148,0,0,58,0,0
707,2,3,25,0,0,47,0,1
708,1,3,21,0,115,35,0,0
709,1,4,72,0,0,29,0,0
710,3,3,59,0,87,43,0,1
711,2,3,83,0,187,62,1,0
712,2,2,10,0,0,41,0,0
713,2,3,84,0,0,34,0,0
714,2,3,98,0,0,50,0,0
715,1,1,32,0,0,47,1,1
716,2,4,31,0,161,29,0,1
717,1,3,94,0,0,59,0,1
718,3,2,21,0,137,56,0,1
719,1,3,110,0,0,61,1,0
720,3,1,38,0,0,58,0,0
721,3,1,39,0,0,49,0,0
722,2,3,132,1,0,45,0,1
723,1,4,61,0,0,50,0,0
724,1,1,92,0,0,64,0,0
725,1,2,119,0,0,39,0,0
726,1,4,53,0,0,58,0,0
727,2,3,18,0,0,62,0,0
728,2,2,114,1,0,45,0,0
729,3,1,90,0,0,58,0,1
730,1,1,140,0,205,43,0,0
731,1,2,90,0,0,28,0,1
732,1,1,85,0,0,26,0,0
733,1,1,80,0,0,49,0,0
734,1,2,53,0,0,66,0,1
735,2,4,49,0,0,33,0,0
736,3,3,152,1,0,61,0,0
737,2,2,138,1,0,64,0,0
738,2,4,80,0,0,36,0,0
739,2,2,82,0,0,49,0,0
740,1,1,195,0,0,52,0,0
741,3,1,22,0,0,61,0,0
742,1,1,81,0,0,32,0,0
743,1,4,40,0,0,61,1,1
744,1,2,154,0,0,45,1,0
745,2,3,49,0,0,30,0,1
746,2,4,85,0,0,62,0,0
747,2,3,21,0,0,57,1,0
748,1,1,14,0,0,41,0,0
749,2,4,60,0,0,58,0,1
750,1,2,138,0,0,29,0,0
751,3,1,98,0,355,53,0,0
752,2,4,22,0,0,64,0,0
753,2,1,49,0,0,49,0,1
754,1,2,102,0,0,38,0,1
755,2,4,45,0,0,56,0,1
756,3,4,82,0,0,56,0,0
757,2,3,81,0,0,52,1,0
758,2,1,35,0,0,64,1,0
759,2,2,59,0,0,53,0,0
760,2,3,52,0,0,29,0,0
761,1,3,84,0,166,48,0,0
762,2,1,85,0,100,32,0,0
763,1,1,65,0,0,54,0,1
764,2,2,89,0,314,37,0,1
765,1,4,109,1,0,47,0,0
766,1,1,81,0,0,37,0,0
767,3,1,38,0,108,64,0,0
768,1,2,72,0,0,43,0,0
769,2,4,78,0,119,33,1,0
770,2,2,172,1,0,26,0,0
771,1,3,71,0,106,42,1,0
772,3,1,165,1,0,54,0,1
773,1,2,120,0,0,41,0,1
774,1,1,39,0,0,55,0,1
775,2,3,23,0,0,65,0,1
776,3,2,135,1,91,50,0,0
777,1,2,12,0,76,55,0,1
778,2,2,92,0,0,62,0,0
779,3,2,192,1,0,53,0,0
780,1,4,42,0,0,32,0,1
781,3,3,158,1,0,56,0,0
782,3,3,194,1,587,54,1,1
783,1,2,160,0,0,44,1,0
784,1,2,98,0,0,48,0,0
785,1,2,164,0,0,46,0,1
786,1,2,42,0,0,45,1,0
787,3,3,202,1,0,45,0,0
788,1,4,10,0,0,58,0,0
789,2,4,31,0,0,29,0,0
790,1,4,58,0,0,55,0,1
791,2,4,65,0,0,55,0,0
792,3,1,98,0,0,41,0,1
793,1,2,150,0,0,24,0,0
794,3,2,44,0,0,54,0,0
795,3,2,15,0,0,57,0,1
796,1,2,82,0,0,30,0,0
797,3,3,61,0,0,42,0,0
798,2,1,38,0,0,29,0,0
799,3,4,39,0,0,29,0,0
800,1,1,173,0,0,31,0,0
801,1,4,8,0,0,47,0,0
802,1,3,51,0,214,36,0,0
803,3,4,62,0,82,52,0,0
804,2,4,34,0,0,54,0,0
805,2,3,132,1,307,55,0,0
806,3,4,44,0,0,53,0,0
807,1,1,162,0,0,52,0,0
808,1,3,64,0,0,64,0,0
809,3,1,111,0,0,54,0,1
810,3,2,41,0,0,32,0,0
811,3,4,52,0,0,63,0,0
812,2,4,65,0,0,36,0,0
813,2,1,130,1,0,50,0,0
814,1,2,45,0,0,33,0,1
815,2,1,35,0,118,62,0,0
816,2,3,65,0,263,49,0,1
817,1,2,38,0,91,41,0,0
818,2,4,42,0,0,51,0,1
819,3,4,45,0,0,56,0,0
820,1,1,145,0,0,51,0,0
821,3,4,33,0,0,39,0,0
822,3,3,60,0,0,61,0,0
823,1,1,45,0,0,35,0,1
824,1,4,72,0,0,39,1,0
825,2,3,34,0,0,37,0,0
826,2,3,23,0,0,48,0,0
827,3,2,45,0,88,63,0,1
828,1,4,28,0,75,35,0,0
829,2,4,81,0,0,55,0,0
830,2,3,72,0,81,29,0,0
831,3,4,49,0,0,61,0,0
832,2,4,31,0,0,36,0,0
833,3,3,63,0,0,61,0,0
834,1,4,150,1,0,36,1,0
835,1,2,142,0,193,58,0,1
836,1,3,74,0,0,42,0,1
837,2,1,24,0,81,30,0,0
838,3,4,29,0,0,45,0,0
839,1,4,79,0,0,39,0,0
840,1,2,94,0,310,27,0,1
841,1,1,121,0,0,57,1,0
842,1,3,54,0,0,34,0,0
843,1,3,73,0,0,64,0,0
844,3,1,71,0,127,47,0,0
845,2,3,29,0,0,44,0,1
846,1,1,93,0,0,51,0,0
847,3,1,73,0,252,40,0,0
848,2,4,19,0,0,57,0,0
849,1,2,58,0,0,33,1,1
850,1,1,39,0,0,46,0,0
851,2,2,23,0,0,41,1,0
852,3,1,29,0,127,33,0,1
853,1,1,155,0,0,27,0,0
854,2,1,90,0,0,52,1,0
855,1,2,113,0,77,59,0,0
856,3,1,42,0,0,62,0,0
857,1,4,30,0,0,49,0,1
858,2,3,19,0,0,45,0,0
859,2,3,124,1,170,63,0,0
860,2,2,30,0,145,57,0,0
861,3,1,28,0,124,60,1,0
862,2,2,15,0,101,50,0,0
863,3,1,70,0,265,54,0,0
864,2,1,10,0,0,28,0,0
865,3,3,22,0,139,60,0,1
866,1,4,70,0,0,44,0,0
867,1,1,61,0,0,61,0,0
868,1,2,161,0,0,40,1,1
869,1,2,29,0,0,54,0,1
870,1,3,35,0,0,43,0,0
871,2,4,48,0,0,54,0,0
872,1,4,44,0,0,32,0,0
873,1,3,88,0,134,24,0,0
874,3,4,40,0,0,30,0,1
875,2,4,21,0,123,61,0,0
876,1,2,58,0,0,40,0,0
877,2,4,59,0,0,35,0,0
878,3,4,74,0,0,33,0,0
879,2,4,84,0,0,63,0,0
880,1,1,58,0,177,57,0,0
881,1,2,154,0,0,44,0,0
882,1,1,185,0,0,51,0,0
883,1,1,78,0,305,51,0,0
884,2,2,55,0,0,38,0,0
885,2,4,30,0,0,31,0,0
886,2,3,74,0,0,54,0,0
887,1,2,118,0,0,41,0,0
888,3,2,182,1,372,57,0,0
889,3,2,82,0,0,24,0,1
890,3,4,29,0,79,55,0,0
891,1,4,120,1,301,32,0,1
892,2,2,53,0,0,38,0,0
893,1,3,43,0,0,58,0,1
894,1,4,59,0,232,29,0,1
895,3,4,84,0,289,43,1,1
896,1,3,161,1,212,50,0,0
897,2,4,21,0,137,62,0,1
898,1,4,63,0,0,57,0,0
899,2,3,172,1,0,30,0,1
900,1,4,51,0,172,30,0,1
901,1,4,24,0,0,57,0,0
902,1,2,95,0,0,57,0,0
903,1,1,59,0,250,43,0,0
904,2,4,51,0,0,28,1,0
905,1,1,28,0,84,46,0,1
906,1,2,154,0,130,29,0,0
907,3,2,15,0,115,64,0,1
908,3,4,55,0,0,66,0,1
909,1,1,149,0,305,23,0,1
910,3,1,79,0,0,60,0,1
911,3,4,68,0,0,47,0,0
912,2,1,78,0,0,35,0,0
913,2,2,34,0,0,57,1,0
914,1,3,195,1,0,65,1,1
915,1,1,184,0,303,53,0,0
916,1,2,85,0,0,44,0,0
917,1,2,200,0,0,45,0,1
918,3,3,64,0,0,41,0,0
919,2,1,88,0,0,51,1,1
920,2,3,42,0,0,27,0,0
921,1,3,91,0,126,31,0,1
922,1,1,38,0,0,32,1,0
923,2,1,28,0,0,55,0,0
924,3,4,32,0,0,55,1,0
925,3,1,31,0,0,42,0,1
926,2,4,22,0,103,33,0,0
927,2,3,95,1,138,65,0,1
928,1,4,74,0,0,35,0,0
929,2,1,22,0,91,55,0,1
930,2,3,43,0,0,28,0,0
931,3,1,43,0,0,27,0,0
932,2,3,112,0,0,51,1,1
933,2,2,9,0,0,50,0,0
934,3,2,81,0,0,58,0,0
935,1,1,131,0,256,46,0,1
936,3,1,19,0,0,62,1,0
937,2,3,62,0,0,38,1,0
938,2,4,19,0,124,62,1,0
939,1,2,8,0,0,56,0,1
940,3,1,193,1,203,61,0,0
941,1,4,129,1,140,38,0,0
942,2,4,30,0,0,55,0,1
943,2,4,80,0,0,30,0,0
944,3,4,22,0,0,41,0,1
945,2,1,33,0,0,57,0,0
946,3,4,64,0,0,36,0,0
947,3,3,60,0,84,55,0,0
948,3,1,81,0,259,30,0,1
949,2,3,45,0,204,40,0,0
950,2,4,112,0,0,32,0,0
951,3,2,83,1,0,59,0,0
952,1,2,180,0,524,44,0,1
953,2,4,28,0,0,51,1,0
954,3,2,169,1,249,37,0,0
955,1,4,14,0,0,59,0,0
956,1,1,43,0,0,37,0,0
957,1,2,88,0,0,56,0,0
958,3,4,78,0,0,55,0,1
959,2,1,68,0,163,49,0,0
960,1,2,144,0,0,46,0,1
961,1,4,30,0,163,35,0,0
962,1,1,120,0,135,47,0,0
963,2,2,24,0,0,39,0,0
964,3,4,78,0,157,27,1,0
965,2,2,135,1,0,62,0,0
966,3,2,44,0,0,57,0,0
967,2,4,73,0,0,55,0,0
968,2,1,90,0,0,55,0,1
969,3,3,58,0,0,41,0,0
970,1,2,75,0,236,57,0,0
971,3,3,174,1,231,43,0,1
972,1,2,50,0,174,40,0,0
973,3,1,85,0,287,43,0,0
974,1,3,54,0,0,63,0,0
975,1,2,83,1,0,63,0,0
976,1,4,24,0,0,54,1,0
977,2,4,45,0,205,54,0,0
978,3,1,68,0,0,52,0,1
979,3,4,48,0,0,50,0,1
980,3,1,114,0,0,38,0,1
981,2,3,142,1,0,36,0,1
982,2,3,52,0,0,58,0,1
983,1,2,142,0,0,46,0,0
984,3,1,15,0,0,50,0,0
985,1,1,118,0,159,46,0,1
986,1,4,101,0,0,53,0,0
987,1,2,84,0,0,62,0,0
988,2,1,32,0,100,63,0,0
989,3,3,64,0,247,42,0,0
990,1,4,81,0,0,34,0,0
991,3,4,28,0,0,40,0,1
992,1,1,93,0,0,34,0,0
993,2,1,185,1,0,41,0,0
994,2,1,42,0,0,32,0,0
995,3,2,45,0,0,28,0,1
996,2,2,49,0,214,33,0,0
997,1,3,69,0,0,46,0,0
998,2,1,94,0,333,52,0,0
999,2,1,18,0,0,60,0,1
1000,1,4,8,0,91,59,1,0
1001,1,4,55,0,108,57,0,0
1002,3,2,85,0,0,46,0,0
1003,1,4,62,0,229,25,0,0
1004,3,4,65,0,0,53,0,0
1005,1,2,138,0,0,38,1,0
1006,1,1,103,0,0,63,0,0
1007,3,3,99,1,357,44,0,0
1008,1,1,152,0,0,50,0,0
1009,3,2,25,0,140,28,0,0
1010,1,2,98,0,361,27,1,1
1011,2,2,39,0,166,52,0,0
1012,2,1,40,0,0,50,0,1
1013,1,3,58,0,169,39,0,0
1014,3,2,192,1,301,50,0,1
1015,2,1,62,0,0,60,0,0
1016,2,1,69,0,0,30,1,0
1017,3,4,40,0,170,31,0,0
1018,3,2,61,0,127,39,0,0
1019,2,4,30,0,157,29,0,0
1020,2,1,29,0,97,54,0,0
1021,2,2,41,0,0,35,0,1
1022,2,1,118,1,0,27,0,0
1023,1,1,109,0,366,45,0,0
1024,2,4,122,1,0,58,0,0
1025,1,3,50,0,169,62,0,0
1026,2,3,43,0,0,28,0,0
1027,1,1,108,0,0,32,1,0
1028,3,4,110,1,0,29,0,0
1029,3,1,20,0,0,41,0,0
1030,3,4,112,0,0,61,0,1
1031,2,1,25,0,136,56,0,0
1032,2,3,42,0,0,37,0,1
1033,1,2,29,0,0,60,0,0
1034,1,3,84,0,134,49,1,0
1035,3,4,81,0,0,43,1,0
1036,1,4,55,0,119,53,0,1
1037,2,1,40,0,0,35,1,0
1038,2,4,145,1,0,56,0,1
1039,3,2,175,1,0,41,0,0
1040,3,4,78,0,163,36,0,0
1041,1,4,51,0,0,56,0,0
1042,3,4,50,0,0,64,0,0
1043,1,3,21,0,0,51,0,0
1044,2,1,79,0,83,49,0,1
1045,3,1,84,0,0,43,0,0
1046,2,4,34,0,0,51,0,0
1047,2,4,73,0,0,55,0,0
1048,1,3,90,0,0,62,0,0
1049,3,4,23,0,0,35,0,0
1050,3,2,145,1,294,53,0,1
1051,1,4,54,0,141,33,1,0
1052,2,3,49,0,103,43,0,1
1053,2,1,51,0,0,58,0,0
1054,2,4,8,0,0,63,0,0
1055,1,1,62,0,0,31,1,0
1056,3,1,25,0,0,36,0,0
1057,3,2,63,0,0,30,0,0
1058,3,2,24,0,86,59,0,0
1059,2,1,11,0,0,28,0,1
1060,1,1,23,0,0,59,0,1
1061,3,1,33,0,0,47,0,0
1062,1,1,83,1,97,47,0,0
1063,1,3,39,0,131,56,0,1
1064,2,3,138,1,0,41,0,0
1065,1,3,113,0,0,25,0,1
1066,3,4,125,1,0,30,0,0
1067,1,1,195,0,0,50,0,0
1068,3,3,105,0,0,34,1,0
1069,1,2,75,1,0,44,0,0
1070,2,2,40,0,0,36,0,0
1071,3,3,61,0,137,39,0,0
1072,3,2,75,0,0,54,0,0
1073,1,1,122,0,0,33,0,1
1074,1,3,75,0,0,39,0,1
1075,3,4,59,0,0,41,0,0
1076,2,3,24,0,0,40,0,0
1077,3,3,175,1,329,29,0,0
1078,1,2,39,0,182,51,0,1
1079,1,2,145,0,0,54,1,0
1080,2,4,24,0,142,47,0,0
1081,2,3,20,0,0,53,0,0
1082,2,1,85,0,0,30,0,0
1083,3,3,65,0,0,28,1,0
1084,3,4,191,1,0,60,0,0
1085,1,2,11,0,0,51,1,0
1086,3,2,40,0,167,63,0,0
1087,2,3,54,0,196,38,0,0
1088,1,1,95,0,0,59,0,1
1089,2,4,94,0,0,53,0,0
1090,2,4,79,0,0,31,0,0
1091,3,3,48,0,0,41,0,1
1092,1,4,70,0,0,25,1,0
1093,2,3,40,0,111,27,0,0
1094,1,4,44,0,0,50,0,1
1095,3,1,43,0,137,50,0,0
1096,3,1,29,0,0,43,0,0
1097,1,3,188,1,184,50,0,1
1098,1,1,114,0,0,46,0,1
1099,2,3,52,0,0,30,0,0
1100,1,1,13,0,0,42,0,0
1101,3,3,95,0,0,42,0,0
1102,3,1,84,0,0,29,0,0
1103,1,1,49,0,0,38,0,0
1104,1,1,181,0,0,51,0,1
1105,2,1,182,1,229,35,0,1
1106,1,2,70,0,0,37,0,0
1107,1,3,79,0,185,47,0,1
1108,2,4,61,0,0,55,0,1
1109,1,2,121,0,0,65,0,0
1110,1,3,34,0,83,58,0,0
1111,1,1,183,0,442,54,0,0
1112,3,1,51,0,0,52,1,1
1113,3,3,70,0,0,28,0,1
1114,1,1,39,0,0,32,0,1
1115,2,3,84,0,0,51,0,0
1116,1,1,122,0,0,43,0,1
1117,1,1,145,0,132,42,0,1
1118,1,2,98,0,0,42,0,1
1119,3,1,79,0,233,41,0,0
1120,3,2,38,0,0,34,0,1
1121,2,3,49,0,196,30,0,1
1122,1,1,38,0,0,32,0,0
1123,3,4,91,0,0,46,0,0
1124,1,4,29,0,0,38,0,1
1125,1,2,172,0,0,37,0,0
1126,1,2,104,1,0,32,0,1
1127,1,1,58,0,0,35,0,1
1128,2,2,171,1,0,30,0,0
1129,1,3,73,1,0,30,0,1
1130,1,1,191,0,0,58,0,0
1131,3,2,90,0,0,57,0,0
1132,1,3,55,0,0,34,1,1
1133,2,1,28,0,0,31,0,0
1134,3,1,42,0,0,39,0,0
1135,2,1,9,0,91,57,1,0
1136,2,1,65,0,0,47,1,0
1137,3,4,134,1,0,51,1,0
1138,1,4,83,0,0,30,1,0
1139,2,3,38,0,0,55,0,0
1140,1,4,13,0,0,32,0,1
1141,3,3,143,1,0,32,0,0
1142,1,4,75,0,0,44,0,0
1143,3,1,120,1,0,33,0,0
1144,2,1,91,0,0,49,0,0
1145,3,2,99,0,0,32,0,1
1146,1,1,71,0,78,31,1,0
1147,2,1,111,0,0,37,0,0
1148,1,1,108,0,0,41,0,0
1149,1,1,158,0,0,56,0,0
1150,1,3,81,0,0,55,0,0
1151,3,2,12,0,0,49,1,0
1152,1,2,21,0,0,63,0,0
1153,1,4,55,0,215,55,0,1
1154,3,1,42,0,0,59,0,0
1155,1,2,81,0,0,41,0,1
1156,1,4,13,0,87,49,0,0
1157,1,1,132,0,157,48,0,0
1158,3,1,99,0,0,41,0,0
1159,1,4,23,0,0,50,0,1
1160,2,1,40,0,0,28,1,0
1161,1,3,181,1,0,36,0,0
1162,1,2,112,0,394,38,0,0
1163,1,2,138,0,227,34,0,0
1164,2,3,94,1,327,41,1,0
1165,1,1,113,0,0,43,0,0
1166,2,4,112,1,0,30,0,1
1167,1,2,190,0,475,37,0,0
1168,3,1,38,0,0,62,0,0
1169,3,1,32,0,158,40,0,0
1170,2,3,104,0,0,35,0,1
1171,2,1,43,0,0,64,0,0
1172,2,3,45,0,0,49,1,0
1173,2,2,35,0,0,24,0,0
1174,2,4,42,0,0,36,0,1
1175,2,1,58,0,0,29,0,1
1176,1,4,103,1,0,29,0,0
1177,2,1,71,1,149,28,1,0
1178,2,1,14,0,98,33,0,0
1179,3,3,98,0,0,36,1,1
1180,2,1,90,0,0,42,0,1
1181,1,4,65,0,0,25,1,0
1182,1,4,19,0,0,28,0,1
1183,2,3,35,0,0,50,0,1
1184,1,4,71,0,0,34,0,0
1185,1,3,31,0,0,43,0,0
1186,2,4,43,0,0,62,0,0
1187,2,1,24,0,87,61,1,0
1188,3,2,58,0,0,45,1,1
1189,1,2,115,0,0,42,0,0
1190,1,2,168,0,152,39,1,0
1191,1,1,128,0,0,29,0,1
1192,1,1,138,0,0,45,0,1
1193,2,3,81,0,0,58,0,1
1194,3,4,41,0,0,29,0,0
1195,2,2,123,1,0,32,0,0
1196,1,2,71,0,94,37,0,0
1197,3,1,8,0,0,48,0,1
1198,1,2,42,0,101,40,0,0
1199,1,2,62,0,184,29,0,0
1200,1,4,22,0,91,36,1,0
1201,2,4,38,0,0,35,0,0
1202,2,4,24,0,0,35,0,0
1203,1,3,50,0,0,62,0,0
1204,2,4,190,1,197,26,0,0
1205,1,2,94,0,0,32,0,0
1206,3,4,165,1,0,63,0,0
1207,2,4,43,0,0,38,0,1
1208,2,1,48,0,0,50,0,1
1209,2,3,52,0,228,46,0,1
1210,1,4,84,0,0,50,0,0
1211,1,1,131,0,0,61,0,0
1212,1,4,44,0,0,34,0,0
1213,1,4,78,0,87,27,0,0
1214,2,4,15,0,0,61,0,0
1215,3,4,38,0,144,45,0,1
1216,3,1,84,0,0,50,1,0
1217,1,1,122,0,0,44,0,0
1218,1,2,98,0,0,62,0,0
1219,2,3,80,0,0,45,0,0
1220,1,2,165,0,0,41,0,0
1221,1,2,121,0,0,30,0,1
1222,2,3,20,0,94,61,0,0
1223,1,1,11,0,91,45,0,0
1224,3,1,45,0,0,59,0,0
1225,2,2,118,1,0,30,0,0
1226,1,2,14,0,109,60,0,1
1227,2,3,30,0,0,39,0,0
1228,1,1,45,0,98,56,0,0
1229,1,3,80,0,0,56,0,0
1230,2,4,25,0,0,27,0,1
1231,1,1,144,0,0,66,1,1
1232,3,4,84,0,297,43,0,0
1233,1,2,22,0,0,53,0,0
1234,1,3,33,0,0,44,0,1
1235,3,4,60,0,0,54,0,0
1236,2,4,81,0,116,31,0,0
1237,3,1,169,1,0,38,0,1
1238,3,2,63,0,0,28,0,0
1239,3,2,12,0,109,51,0,1
1240,1,4,15,0,101,52,0,0
1241,3,1,39,0,0,64,1,1
1242,2,4,44,0,0,29,0,0
1243,1,1,110,0,0,34,0,0
1244,2,3,130,1,99,33,0,1
1245,3,1,41,0,128,46,0,0
1246,3,1,59,0,241,48,0,0
1247,1,2,39,0,0,52,0,0
1248,2,4,35,0,0,44,0,0
1249,2,1,80,0,0,51,0,1
1250,2,1,81,0,0,47,0,0
1251,3,2,31,0,0,39,0,0
1252,3,4,93,0,0,42,0,0
1253,1,4,45,0,204,57,0,0
1254,3,2,40,0,0,36,0,1
1255,3,2,80,0,185,27,0,1
1256,3,1,20,0,0,31,0,0
1257,3,1,41,0,0,63,0,1
1258,1,1,31,0,104,34,0,1
1259,2,4,35,0,0,52,0,0
1260,3,3,40,0,137,57,0,1
1261,3,1,84,0,0,63,0,0
1262,3,2,53,0,0,26,0,0
1263,3,4,85,0,0,35,0,0
1264,1,2,138,0,0,58,0,0
1265,3,2,71,0,108,32,0,0
1266,3,1,113,0,0,64,0,1
1267,2,2,23,0,0,50,1,0
1268,1,3,62,0,0,34,0,0
1269,3,4,14,0,100,36,0,1
1270,3,2,60,0,0,43,0,1
1271,1,3,94,0,236,28,0,0
1272,2,3,83,0,0,64,0,0
1273,3,3,130,1,437,60,0,1
1274,1,4,61,0,0,62,0,0
1275,1,2,92,0,178,27,0,0
1276,3,2,20,0,117,42,0,1
1277,1,2,194,0,428,45,0,0
1278,1,1,74,0,0,36,0,1
1279,3,2,84,0,145,48,0,0
1280,2,3,98,0,333,65,0,0
1281,1,3,52,0,0,39,0,0
1282,2,1,55,0,236,51,0,1
1283,1,4,64,0,117,30,0,0
1284,1,1,128,0,162,65,0,0
1285,2,4,113,1,0,38,0,1
1286,2,3,50,0,0,29,0,1
1287,2,4,54,0,0,42,0,0
1288,1,1,129,0,366,63,0,0
1289,1,4,82,0,0,46,0,0
1290,2,4,100,0,0,62,0,0
1291,1,4,44,0,0,58,1,0
1292,2,4,164,1,234,56,0,1
1293,1,2,81,0,121,56,0,1
1294,1,1,71,0,257,34,0,1
1295,3,1,28,0,90,42,0,0
1296,1,3,80,0,219,30,0,0
1297,2,4,90,0,0,61,0,0
1298,2,1,74,0,0,38,0,1
1299,3,2,14,0,0,50,1,0
1300,2,2,23,0,103,61,0,0
1301,1,1,153,0,337,41,0,1
1302,3,3,38,0,0,42,0,0
1303,2,2,112,0,382,29,1,0
1304,1,1,145,0,397,51,0,1
1305,2,2,28,0,88,32,0,0
1306,3,4,31,0,0,34,0,1
1307,1,1,195,0,0,26,0,1
1308,3,3,50,0,0,54,0,1
1309,3,4,71,0,0,38,0,0
1310,3,3,21,0,0,62,0,0
1311,3,2,35,0,125,37,0,0
1312,1,1,42,0,0,46,0,1
1313,3,4,78,0,141,52,0,0
1314,2,4,73,0,0,32,0,0
1315,3,2,53,0,181,49,0,0
1316,3,2,51,0,123,28,0,0
1317,3,2,40,0,0,55,0,0
1318,1,1,178,0,0,52,0,0
1319,1,2,35,0,0,32,0,1
1320,2,1,192,1,0,31,0,0
1321,1,1,123,0,0,27,0,0
1322,2,2,48,0,0,32,1,1
1323,2,3,45,0,0,52,0,0
1324,1,1,15,0,0,52,0,0
1325,1,1,79,0,120,50,0,0
1326,2,4,63,0,0,32,1,0
1327,3,2,30,0,0,61,0,0
1328,1,4,145,1,380,60,0,1
1329,2,3,32,0,0,28,0,0
1330,1,2,64,0,224,34,0,1
1331,1,1,84,0,0,31,0,0
1332,2,1,21,0,0,31,0,0
1333,2,4,99,0,0,62,0,0
1334,1,2,35,0,0,47,0,0
1335,1,1,180,0,0,50,0,1
1336,1,1,42,0,0,36,0,0
1337,2,4,179,1,0,26,0,0
1338,3,4,42,0,0,51,0,0
1339,2,2,180,1,297,52,0,0
1340,1,4,82,0,0,35,0,0
1341,1,2,55,0,149,42,0,0
1342,1,2,79,0,0,36,0,0
1343,3,2,48,0,215,41,0,1
1344,1,1,93,0,0,49,1,0
1345,3,2,23,0,0,57,0,0
1346,1,3,50,0,200,44,0,0
1347,1,2,85,0,0,60,0,0
1348,2,1,35,0,97,38,0,0
1349,2,3,171,1,0,26,0,0
1350,2,4,29,0,0,29,0,1
1351,3,1,84,0,0,59,0,1
1352,2,4,20,0,0,51,0,0
1353,3,1,14,0,0,50,0,1
1354,1,1,179,0,357,35,0,0
1355,1,1,48,0,158,61,0,0
1356,1,1,74,0,0,42,0,0
1357,1,1,53,0,0,55,0,0
1358,2,1,83,0,0,50,0,1
1359,1,2,171,0,433,64,0,0
1360,1,4,85,0,0,54,0,0
1361,2,4,38,0,0,50,0,0
1362,1,3,85,0,157,31,0,1
1363,1,1,79,0,0,32,0,0
1364,1,4,69,0,0,44,0,0
1365,3,3,43,0,0,60,0,1
1366,1,2,33,0,101,60,0,0
1367,3,3,42,0,149,62,0,1
1368,3,4,40,0,122,46,0,0
1369,3,1,43,0,0,57,0,0
1370,3,4,20,0,117,30,0,0
1371,1,3,65,0,222,58,0,0
1372,1,3,139,1,483,39,0,0
1373,3,3,135,1,0,60,0,0
1374,3,3,84,0,0,59,0,0
1375,3,1,179,1,0,50,0,1
1376,2,4,45,0,86,63,0,0
1377,1,2,109,0,0,27,0,0
1378,3,4,34,0,0,54,0,0
1379,1,1,162,0,0,62,0,0
1380,1,2,105,0,0,60,0,0
1381,2,3,22,0,0,38,0,0
1382,1,2,82,0,178,34,0,1
1383,2,4,105,0,230,65,1,0
1384,3,1,62,0,0,55,0,0
1385,1,2,82,0,83,57,0,1
1386,1,4,72,0,0,27,0,0
1387,1,4,38,0,0,35,0,1
1388,1,4,25,0,0,52,0,0
1389,3,1,20,0,0,45,0,0
1390,2,4,80,0,0,29,0,1
1391,1,3,84,0,0,44,0,0
1392,1,1,33,0,0,47,0,1
1393,3,3,55,0,0,62,0,0
1394,2,2,33,0,0,52,0,1
1395,3,4,190,1,305,47,0,0
1396,3,1,43,0,158,42,0,0
1397,3,3,45,0,0,65,0,0
1398,1,1,141,0,0,42,0,0
1399,1,4,69,0,0,40,0,0
1400,2,4,78,0,0,32,0,0
1401,3,1,84,0,0,40,0,0
1402,2,1,172,1,0,55,0,0
1403,1,4,51,0,154,32,1,1
1404,3,1,75,0,0,58,0,0
1405,2,1,183,1,0,46,0,1
1406,3,4,20,0,0,53,0,1
1407,3,2,101,1,294,63,0,0
1408,3,1,129,1,0,40,0,0
1409,1,2,63,0,0,41,0,0
1410,1,4,44,0,0,60,0,0
1411,3,1,184,1,176,65,0,1
1412,1,2,100,0,127,59,0,0
1413,1,3,12,0,0,48,0,0
1414,3,2,68,0,128,59,1,0
1415,1,1,48,0,212,33,0,0
1416,1,2,82,0,0,40,0,0
1417,1,2,52,0,0,42,0,0
1418,2,2,154,1,0,65,1,1
1419,1,1,39,0,0,30,0,1
1420,1,1,40,0,0,30,0,1
1421,3,4,54,0,164,42,0,0
1422,2,2,32,0,103,32,0,1
1423,3,2,64,0,0,55,0,0
1424,1,2,92,0,287,29,0,0
1425,3,1,40,0,94,64,0,1
1426,3,3,60,0,0,37,0,0
1427,1,2,85,0,119,31,0,1
1428,1,4,21,0,90,25,0,0
1429,3,1,35,0,171,31,0,0
1430,1,2,52,0,0,32,0,0
1431,1,1,128,0,0,58,0,0
1432,1,1,195,0,0,26,0,0
1433,2,2,68,0,117,51,0,1
1434,1,2,55,0,0,65,0,0
1435,1,1,55,0,0,43,0,0
1436,1,4,80,0,0,46,0,1
1437,1,1,123,0,146,28,0,0
1438,2,4,90,0,106,63,1,0
1439,3,1,61,0,0,59,0,0
1440,2,3,41,0,0,42,0,0
1441,3,2,43,0,0,58,0,0
1442,1,3,71,0,162,39,1,0
1443,1,4,25,0,0,36,0,0
1444,2,1,154,1,0,60,1,0
1445,1,1,141,0,0,47,0,0
1446,3,2,22,0,110,29,0,0
1447,1,2,145,0,0,52,0,0
1448,3,3,49,0,0,41,0,0
1449,1,1,109,0,0,63,0,0
1450,1,3,80,0,0,59,0,1
1451,2,4,82,0,201,44,0,1
1452,1,4,52,0,0,54,0,0
1453,1,3,85,0,0,29,0,1
1454,1,1,148,0,0,51,0,0
1455,1,2,160,0,0,63,0,1
1456,1,4,39,0,0,36,0,0
1457,3,2,25,0,0,42,0,1
1458,3,1,33,0,0,51,0,1
1459,2,3,38,0,0,47,0,0
1460,3,4,85,0,0,40,0,1
1461,1,1,48,0,0,54,0,0
1462,3,4,15,0,77,47,0,0
1463,1,1,94,0,174,35,0,0
1464,1,2,120,0,0,28,0,0
1465,3,1,60,0,159,45,0,0
1466,1,2,145,0,277,33,0,1
1467,3,2,29,0,0,62,0,0
1468,2,3,78,0,0,45,0,0
1469,2,4,59,0,0,59,0,0
1470,3,2,80,0,0,58,0,1
1471,1,1,180,0,0,52,0,1
1472,2,3,8,0,83,34,0,0
1473,3,1,23,0,0,65,0,0
1474,3,2,79,0,0,48,0,0
1475,3,2,78,0,268,44,0,0
1476,2,1,64,0,0,61,0,1
1477,3,4,64,0,0,40,0,1
1478,1,4,160,1,237,65,0,0
1479,3,1,43,0,102,28,0,0
1480,3,1,32,0,0,67,0,1
1481,1,2,179,0,76,35,1,0
1482,1,1,8,0,0,60,0,0
1483,1,1,63,0,0,58,1,0
1484,3,2,40,0,0,55,1,0
1485,2,4,99,0,155,34,0,0
1486,2,2,141,1,0,35,0,0
1487,1,1,159,0,0,28,0,1
1488,1,2,39,0,174,38,0,0
1489,2,4,99,0,0,62,0,0
1490,2,4,18,0,0,30,0,1
1491,1,2,38,0,0,38,0,1
1492,1,1,133,0,0,33,0,0
1493,1,2,84,0,0,58,0,1
1494,2,1,60,0,0,59,0,1
1495,3,3,178,1,147,52,0,0
1496,3,1,18,0,0,36,0,1
1497,3,1,73,0,0,45,0,0
1498,1,1,125,0,0,49,0,0
1499,2,1,91,1,0,52,0,1
1500,1,2,74,0,0,54,0,0
1501,2,2,35,0,0,30,1,1
1502,1,1,113,0,0,65,0,1
1503,2,4,52,0,0,34,0,0
1504,2,2,191,1,0,30,0,0
1505,3,1,18,0,93,51,0,1
1506,1,2,25,0,0,52,0,1
1507,3,4,50,0,0,43,0,0
1508,3,4,75,0,0,35,0,1
1509,3,2,92,0,0,56,1,1
1510,2,2,33,0,0,57,0,0
1511,3,3,65,0,0,58,0,0
1512,1,3,44,0,0,53,0,0
1513,1,2,183,0,354,45,0,0
1514,1,2,175,0,0,44,0,1
1515,3,4,28,0,0,54,0,1
1516,2,4,49,0,0,41,0,0
1517,1,4,45,0,0,52,0,0
1518,3,4,64,1,221,43,0,0
1519,3,3,22,0,90,63,0,0
1520,1,1,120,0,119,54,0,1
1521,1,2,175,0,102,33,0,0
1522,3,4,101,0,256,25,0,1
1523,3,1,104,0,0,41,0,0
1524,3,4,155,1,0,40,0,1
1525,1,1,58,0,0,43,0,0
1526,2,4,80,0,0,36,0,0
1527,3,1,45,0,195,57,0,0
1528,1,1,134,0,164,34,1,0
1529,3,4,58,0,153,38,1,0
1530,1,1,20,0,0,47,0,1
1531,3,4,25,0,0,39,0,0
1532,1,1,55,0,0,45,0,1
1533,1,1,155,0,0,62,0,0
1534,1,1,30,0,0,59,0,1
1535,1,4,39,0,0,61,0,1
1536,3,4,73,0,188,36,0,0
1537,1,4,41,0,0,58,0,0
1538,3,4,34,0,157,55,0,0
1539,3,3,21,0,119,29,0,0
1540,1,4,11,0,0,34,1,1
1541,1,2,154,0,0,61,0,0
1542,3,4,19,0,0,50,0,0
1543,2,2,101,0,0,52,0,0
1544,1,1,24,0,116,39,0,1
1545,1,2,131,0,0,55,1,0
1546,1,1,105,0,0,33,0,0
1547,2,1,52,0,194,47,0,0
1548,2,4,21,0,113,57,1,0
1549,1,3,45,0,198,57,0,0
1550,1,1,39,0,0,40,0,0
1551,1,2,192,0,238,50,0,1
1552,1,1,195,0,0,29,0,0
1553,1,3,83,0,0,46,0,0
1554,2,3,34,0,0,42,1,0
1555,2,4,49,0,104,59,0,0
1556,3,4,60,0,244,31,0,0
1557,1,4,41,0,0,51,0,0
1558,1,3,72,0,285,35,0,0
1559,2,4,102,1,115,59,0,0
1560,1,3,31,0,0,35,0,0
1561,2,1,73,0,128,46,0,0
1562,1,1,89,0,0,34,0,0
1563,3,4,19,0,121,55,1,1
1564,2,4,63,0,0,64,0,0
1565,3,3,104,0,0,34,0,0
1566,2,1,40,0,128,61,0,0
1567,3,2,92,0,0,63,0,0
1568,2,2,72,0,226,59,0,0
1569,2,3,44,0,141,51,0,0
1570,1,4,114,1,0,41,0,1
1571,1,4,73,0,0,37,0,0
1572,2,4,63,0,0,64,1,1
1573,3,1,69,0,184,44,0,1
1574,1,3,42,0,0,62,0,0
1575,1,1,88,0,0,50,0,0
1576,1,2,98,0,0,43,0,0
1577,1,1,65,1,227,34,0,0
1578,2,2,12,0,104,38,1,0
1579,1,4,122,1,0,29,0,1
1580,3,2,12,0,0,39,0,0
1581,1,2,24,0,0,53,0,1
1582,1,4,170,1,318,43,0,1
1583,2,4,184,1,342,61,0,1
1584,3,4,25,0,125,46,0,0
1585,1,2,131,0,0,57,0,0
1586,3,2,50,0,0,59,0,1
1587,1,2,21,0,0,52,1,0
1588,2,3,55,0,0,29,0,0
1589,2,1,124,1,0,57,0,0
1590,1,4,58,0,188,49,0,0
1591,1,2,72,0,0,39,0,0
1592,3,1,192,1,0,56,0,0
1593,2,3,83,0,0,63,0,0
1594,1,1,93,0,0,37,1,0
1595,3,3,38,0,110,56,1,0
1596,3,4,55,0,164,45,1,0
1597,3,3,11,0,0,66,1,1
1598,1,2,85,0,0,40,1,0
1599,1,1,124,0,266,50,0,0
1600,1,2,129,0,0,60,0,0
1601,1,1,180,0,0,31,0,0
1602,2,4,74,0,0,40,0,0
1603,3,1,138,1,86,36,0,0
1604,3,2,111,1,0,55,0,1
1605,1,3,83,0,0,54,0,0
1606,1,4,33,0,87,35,0,0
1607,3,4,21,0,0,55,0,0
1608,1,2,35,0,98,36,0,0
1609,3,1,105,0,0,66,1,1
1610,2,1,103,0,0,38,0,1
1611,3,2,75,0,0,58,0,0
1612,1,1,33,0,104,41,0,0
1613,2,4,52,0,0,60,1,0
1614,2,1,89,0,0,47,1,1
1615,3,1,63,0,0,62,0,0
1616,2,4,84,1,0,48,1,0
1617,1,4,44,0,0,61,0,0
1618,1,3,29,0,0,29,0,1
1619,3,1,29,0,0,45,0,0
1620,2,2,22,0,0,39,0,0
1621,1,4,53,0,114,31,0,0
1622,2,2,24,0,0,39,0,0
1623,1,1,153,0,455,63,0,0
1624,2,2,31,0,0,28,1,0
1625,2,2,21,0,0,56,0,0
1626,1,2,180,0,0,31,0,0
1627,2,3,82,0,0,46,0,1
1628,1,4,90,0,245,42,1,0
1629,3,4,154,1,0,53,0,0
1630,2,2,99,0,0,41,0,1
1631,2,1,153,1,0,61,1,1
1632,2,2,93,1,0,31,0,0
1633,2,1,53,0,0,62,0,0
1634,2,3,18,0,104,59,0,1
1635,1,1,70,0,0,49,0,0
1636,3,4,100,0,0,65,0,1
1637,3,3,193,1,0,30,0,0
1638,1,1,125,0,0,32,0,1
1639,3,2,68,0,0,56,1,0
1640,1,1,55,0,95,36,0,0
1641,3,4,152,1,0,58,0,0
1642,1,3,84,0,0,27,0,1
1643,3,2,13,0,0,41,0,0
1644,1,4,33,0,131,59,0,1
1645,2,4,89,0,90,56,1,0
1646,1,1,93,0,0,52,0,0
1647,3,4,68,0,0,35,0,0
1648,2,2,85,0,0,47,0,1
1649,2,1,73,0,0,29,0,0
1650,2,4,83,0,106,31,0,0
1651,3,2,158,1,0,62,0,0
1652,3,4,182,1,0,48,0,0
1653,3,2,24,0,123,26,0,1
1654,1,2,102,0,0,60,0,1
1655,1,3,53,0,0,35,0,0
1656,1,2,175,0,0,40,0,0
1657,1,3,28,0,0,31,0,0
1658,1,4,14,0,0,50,0,0
1659,3,1,139,1,106,33,0,1
1660,1,3,34,0,0,37,0,0
1661,3,1,64,0,0,38,0,1
1662,2,4,84,0,0,63,0,0
1663,2,3,42,0,0,57,1,0
1664,1,1,63,0,0,61,0,0
1665,3,3,100,0,341,37,0,1
1666,2,2,190,1,0,51,0,0
1667,1,1,22,0,91,44,0,0
1668,2,1,20,0,0,63,1,1
1669,2,2,21,0,0,43,0,1
1670,2,4,25,0,101,38,0,0
1671,3,4,20,0,0,34,0,0
1672,1,3,173,1,0,48,0,1
1673,1,2,81,0,0,29,0,1
1674,2,2,139,1,421,37,0,0
1675,1,2,119,0,0,60,1,0
1676,3,4,74,0,104,46,0,0
1677,2,1,42,0,131,34,0,0
1678,1,2,73,0,0,56,0,0
1679,1,4,114,1,0,57,1,0
1680,3,2,44,0,0,62,0,0
1681,1,2,141,0,0,32,0,0
1682,1,2,14,0,103,51,0,0
1683,3,2,33,0,0,55,0,0
1684,1,2,83,0,249,60,0,0
1685,1,4,89,0,155,40,0,0
1686,1,4,39,0,0,62,1,0
1687,3,3,83,0,0,63,0,1
1688,1,2,108,0,359,60,0,0
1689,2,3,21,0,0,59,0,1
1690,1,1,102,0,0,26,0,0
1691,3,1,48,0,0,56,0,1
1692,1,3,32,0,0,58,0,0
1693,1,1,43,0,0,57,0,0
1694,2,4,35,0,118,48,0,0
1695,1,1,184,0,0,30,0,0
1696,1,2,140,0,132,45,0,0
1697,2,3,32,0,0,64,0,1
1698,1,1,149,0,0,44,0,0
1699,3,4,15,0,0,51,0,1
1700,2,3,71,0,0,43,0,0
1701,2,4,108,0,0,29,0,0
1702,1,2,122,0,0,56,0,1
1703,3,3,40,0,0,65,0,0
1704,1,2,198,0,0,46,0,1
1705,2,4,79,0,0,48,1,1
1706,3,1,84,0,0,56,0,0
1707,2,3,31,0,0,61,0,1
1708,3,4,12,0,0,46,0,1
1709,1,2,88,0,0,58,0,1
1710,2,2,29,0,131,31,0,1
1711,1,1,201,0,158,27,0,0
1712,3,1,20,0,0,44,0,0
1713,1,1,15,0,0,44,0,0
1714,1,2,155,0,107,51,0,1
1715,2,3,25,0,0,39,0,0
1716,1,2,200,0,565,32,0,0
1717,2,1,101,0,233,33,0,0
1718,2,4,19,0,0,40,0,1
1719,1,2,188,0,0,36,0,1
1720,1,1,8,0,0,52,0,0
1721,3,2,59,0,152,54,0,0
1722,1,4,72,0,0,26,1,0
1723,3,1,55,0,0,39,0,0
1724,2,3,24,0,0,46,0,0
1725,1,1,19,0,0,57,0,0
1726,3,2,71,0,150,59,0,1
1727,2,2,54,0,0,52,0,1
1728,3,1,28,0,0,52,0,0
1729,3,4,25,0,0,50,0,0
1730,3,2,51,0,0,41,0,1
1731,1,3,125,1,0,43,0,0
1732,2,2,88,0,319,25,0,1
1733,1,2,125,0,0,40,0,0
1734,3,4,79,0,182,35,0,0
1735,2,3,31,0,0,60,0,1
1736,1,2,131,0,394,57,0,1
1737,2,1,70,0,230,44,1,0
1738,3,3,38,0,82,61,0,1
1739,1,1,83,0,0,33,1,1
1740,1,1,59,0,0,45,1,0
1741,1,1,121,0,0,45,0,0
1742,3,2,42,0,137,64,0,0
1743,1,4,32,0,109,50,0,0
1744,1,4,29,0,135,28,0,0
1745,2,2,40,0,0,37,1,1
1746,3,3,25,0,0,62,0,1
1747,2,4,21,0,89,29,0,1
1748,2,3,79,0,151,49,0,0
1749,3,2,52,0,221,46,0,0
1750,2,4,61,0,229,60,0,0
1751,1,2,25,0,0,55,0,0
1752,3,1,155,1,0,33,0,0
1753,1,2,25,0,0,53,0,0
1754,1,4,80,0,0,50,0,0
1755,2,4,55,0,0,28,0,1
1756,3,2,23,0,0,42,0,0
1757,1,1,60,0,0,33,0,1
1758,1,2,54,0,0,40,0,0
1759,1,4,44,0,0,31,0,0
1760,2,4,33,0,0,41,0,0
1761,2,2,45,0,121,52,0,1
1762,3,4,55,0,89,65,0,1
1763,1,1,134,0,0,48,0,1
1764,2,3,44,0,0,45,0,0
1765,1,2,149,0,154,26,0,0
1766,3,2,22,0,0,64,1,0
1767,2,3,74,0,0,41,0,0
1768,1,4,128,1,84,43,0,0
1769,1,4,62,0,0,60,0,0
1770,1,1,9,0,94,62,0,0
1771,3,2,9,0,0,46,0,0
1772,2,2,15,0,119,36,0,0
1773,1,4,28,0,0,31,0,0
1774,3,3,83,0,0,43,0,1
1775,3,1,73,0,117,46,0,0
1776,2,4,42,0,151,50,0,0
1777,2,2,34,0,114,52,0,1
1778,2,3,32,0,0,27,0,0
1779,1,1,68,0,0,34,0,0
1780,1,1,82,0,267,49,0,0
1781,2,2,19,0,0,52,0,1
1782,1,2,60,0,181,37,0,1
1783,1,1,192,0,601,53,0,0
1784,1,3,119,1,0,54,1,0
1785,1,2,190,0,0,29,0,0
1786,2,1,34,0,0,35,0,0
1787,1,4,44,0,0,32,1,1
1788,3,4,23,0,0,38,0,0
1789,1,4,171,1,567,44,0,1
1790,3,1,43,0,0,44,1,1
1791,1,1,139,0,0,48,0,1
1792,1,1,118,0,0,46,0,1
1793,3,3,113,1,0,35,0,0
1794,3,3,98,1,0,56,0,0
1795,1,1,70,0,0,49,0,1
1796,3,2,42,0,0,57,0,0
1797,1,1,143,0,0,35,0,1
1798,1,3,185,1,0,44,0,0
1799,2,4,28,0,100,38,0,0
1800,1,3,45,0,181,57,1,1
1801,2,1,78,0,0,35,0,0
1802,1,2,121,0,0,29,0,0
1803,1,1,59,0,0,58,0,0
1804,1,4,64,0,0,40,1,0
1805,1,2,15,0,114,51,0,0
1806,1,1,10,0,0,61,0,0
1807,3,2,61,0,0,46,0,0
1808,1,4,50,0,0,55,0,0
1809,3,4,79,0,0,35,1,0
1810,1,1,35,0,0,60,0,0
1811,3,4,11,0,0,28,0,0
1812,1,1,128,0,0,43,0,0
1813,3,3,55,0,0,61,0,1
1814,2,3,79,0,0,48,0,0
1815,1,2,18,0,0,65,1,1
1816,2,2,91,0,0,45,1,0
1817,3,4,9,0,0,36,0,1
1818,3,2,62,0,0,45,0,0
1819,1,1,59,0,231,60,0,0
1820,1,1,25,0,148,47,0,0
1821,1,4,54,0,0,32,1,0
1822,2,1,112,1,86,48,1,0
1823,1,1,125,0,0,33,0,1
1824,2,4,194,1,0,49,0,1
1825,3,1,161,1,0,56,1,0
1826,1,1,35,0,171,59,0,0
1827,1,2,113,0,352,56,0,1
1828,2,2,25,0,0,30,0,0
1829,3,3,45,0,0,59,0,0
1830,1,2,119,0,221,38,0,0
1831,2,4,30,0,115,47,0,1
1832,2,4,79,0,0,54,1,0
1833,3,1,178,1,0,34,0,0
1834,2,2,23,0,118,41,0,0
1835,1,2,171,0,284,47,0,1
1836,3,4,74,0,0,44,0,0
1837,1,3,103,0,180,43,0,1
1838,1,1,99,0,0,31,0,0
1839,3,4,43,0,0,28,0,1
1840,3,4,23,0,88,55,0,0
1841,2,1,91,0,199,42,0,1
1842,2,1,93,0,256,53,0,0
1843,1,1,154,0,0,30,0,0
1844,3,3,21,0,0,65,0,1
1845,3,2,65,0,0,43,0,0
1846,2,1,15,0,0,56,0,0
1847,3,3,52,0,159,25,0,0
1848,1,3,30,0,0,35,1,1
1849,2,1,42,0,0,50,0,0
1850,1,4,20,0,97,36,0,0
1851,2,4,60,0,0,34,0,1
1852,3,4,54,0,167,32,0,0
1853,1,4,60,0,97,51,0,0
1854,2,3,41,0,0,52,0,0
1855,2,3,30,0,0,65,0,1
1856,2,2,21,0,0,51,0,0
1857,2,1,105,0,0,37,0,1
1858,1,3,65,0,240,35,0,0
1859,1,2,20,0,80,67,0,0
1860,1,3,179,1,142,30,0,0
1861,1,1,161,0,0,62,1,1
1862,3,1,82,0,0,42,0,0
1863,2,1,43,0,112,48,0,0
1864,1,2,61,0,0,61,0,0
1865,3,4,90,0,0,36,1,0
1866,2,1,90,0,334,48,0,0
1867,1,2,21,0,0,65,0,0
1868,1,1,118,0,0,25,0,1
1869,2,2,44,0,0,55,0,0
1870,3,1,110,1,0,63,0,0
1871,2,4,99,0,268,31,0,0
1872,1,3,98,0,0,43,0,0
1873,2,3,69,0,80,28,0,0
1874,2,3,82,0,218,37,0,1
1875,1,3,112,0,389,27,1,0
1876,1,1,123,0,0,62,0,0
1877,2,1,78,0,0,51,0,0
1878,1,3,59,0,159,56,1,0
1879,2,3,78,0,0,56,0,0
1880,3,4,49,0,89,44,0,0
1881,2,3,82,0,0,46,0,0
1882,1,3,125,1,342,56,0,1
1883,1,1,185,0,0,56,0,0
1884,1,1,163,0,0,57,0,0
1885,3,4,19,0,104,31,0,1
1886,2,4,115,0,0,65,0,0
1887,2,2,81,0,0,31,0,1
1888,3,1,93,0,0,36,0,0
1889,1,4,111,1,372,56,1,0
1890,1,1,184,0,0,52,0,0
1891,2,4,50,0,0,42,0,0
1892,1,3,55,0,0,55,0,1
1893,3,1,13,0,101,49,1,0
1894,1,4,29,0,0,51,0,1
1895,1,4,72,0,0,26,0,0
1896,2,1,83,0,0,32,1,1
1897,3,1,98,0,0,54,0,0
1898,1,4,43,0,0,50,0,0
1899,1,1,34,0,0,59,0,0
1900,2,4,10,0,0,61,0,0
1901,1,2,201,0,0,43,1,0
1902,3,3,85,0,107,39,0,1
1903,3,3,50,0,0,56,0,0
1904,1,2,91,0,0,38,0,0
1905,1,2,112,0,241,25,0,0
1906,1,2,98,0,275,42,0,0
1907,1,1,115,0,0,42,0,0
1908,2,4,22,0,112,50,0,0
1909,2,3,101,0,0,56,0,1
1910,3,2,83,0,112,43,0,0
1911,2,3,52,0,0,60,0,0
1912,2,3,191,1,0,42,1,0
1913,1,4,134,1,198,57,0,0
1914,2,1,54,0,186,48,0,0
1915,1,3,69,0,0,37,1,0
1916,3,3,64,0,0,57,0,0
1917,3,4,53,0,142,62,0,0
1918,3,2,118,1,246,39,0,1
1919,2,2,19,0,120,38,0,1
1920,3,2,31,0,0,54,0,0
1921,3,1,63,0,245,45,0,1
1922,3,1,25,0,0,39,0,0
1923,1,1,22,0,0,45,0,0
1924,3,1,78,0,0,62,0,0
1925,1,1,81,0,218,43,0,0
1926,2,1,41,0,0,30,0,0
1927,1,3,62,0,0,35,0,0
1928,3,1,35,0,0,58,0,0
1929,3,1,30,0,0,44,0,0
1930,2,3,51,0,0,56,0,0
1931,1,2,140,0,0,28,0,0
1932,1,3,73,0,185,64,0,0
1933,2,4,40,0,0,63,0,0
1934,3,1,69,0,0,44,0,1
1935,3,1,191,1,0,34,0,1
1936,2,3,82,0,0,50,0,0
1937,3,1,181,1,589,51,1,0
1938,3,1,38,0,0,30,0,0
1939,1,2,23,0,0,55,0,0
1940,3,1,55,0,0,57,0,0
1941,1,2,58,0,0,43,0,0
1942,2,2,29,0,0,61,0,0
1943,1,4,39,0,0,49,0,0
1944,2,3,39,0,83,52,0,1
1945,1,3,30,0,151,57,1,0
1946,3,4,58,0,0,53,0,1
1947,3,1,62,0,231,52,0,0
1948,1,4,62,0,86,39,0,0
1949,3,1,19,0,0,58,0,0
1950,2,1,38,0,0,36,0,0
1951,3,4,84,0,0,45,0,1
1952,2,1,78,0,0,30,0,0
1953,1,4,22,0,83,49,0,0
1954,3,4,81,0,277,44,0,0
1955,2,3,32,0,0,43,0,0
1956,1,4,89,0,184,42,0,0
1957,1,2,121,0,0,29,0,0
1958,1,1,42,0,0,28,0,1
1959,1,1,130,0,0,50,0,0
1960,2,4,30,0,0,44,0,0
1961,1,1,114,0,0,52,0,0
1962,1,1,155,0,0,28,0,0
1963,1,2,50,0,0,62,0,1
1964,2,1,34,0,111,34,0,1
1965,3,3,94,0,0,45,0,0
1966,2,2,114,0,0,52,0,0
1967,3,3,89,0,108,43,0,1
1968,3,1,49,0,0,54,0,0
1969,1,1,115,0,0,64,0,1
1970,1,1,148,0,397,27,0,1
1971,2,4,72,0,203,42,0,1
1972,3,4,114,0,0,28,0,0
1973,1,2,11,0,78,47,0,0
1974,3,4,63,0,242,39,0,0
1975,1,2,113,0,0,29,0,1
1976,1,2,80,0,0,39,0,0
1977,3,3,54,0,0,41,0,1
1978,3,2,32,0,0,37,1,0
1979,1,1,11,0,0,41,0,0
1980,1,1,141,0,0,45,0,0
1981,2,3,84,0,0,52,0,0
1982,2,3,18,0,110,58,0,0
1983,1,2,20,0,0,31,0,0
1984,2,4,55,0,175,26,0,0
1985,2,4,31,0,79,31,0,0
1986,1,2,114,0,0,42,0,0
1987,2,3,52,0,0,56,1,1
1988,1,1,18,0,120,52,0,0
1989,3,1,55,0,0,59,1,0
1990,3,1,29,0,76,32,0,1
1991,1,3,30,0,0,46,0,0
1992,1,2,38,0,0,52,0,1
1993,1,2,122,0,0,30,0,0
1994,1,1,183,0,0,32,0,0
1995,2,1,41,0,0,35,0,0
1996,3,1,38,0,0,49,0,0
1997,3,1,61,0,0,54,0,0
1998,3,3,103,1,0,56,0,0
1999,2,2,80,0,0,48,0,0
2000,2,1,22,0,0,28,0,0
2001,2,2,128,1,0,44,0,1
2002,1,3,142,1,359,30,0,0
2003,1,1,124,0,0,44,0,1
2004,3,1,44,0,143,30,0,0
2005,2,2,170,1,0,47,0,1
2006,2,4,75,0,0,64,0,1
2007,2,3,78,0,0,48,0,1
2008,3,1,31,0,125,63,0,0
2009,1,1,99,0,323,25,0,0
2010,1,2,41,0,0,61,0,0
2011,2,4,39,0,0,46,0,0
2012,1,1,51,0,0,57,0,1
2013,3,3,52,0,113,40,0,0
2014,3,3,169,1,167,49,0,1
2015,1,1,141,0,0,30,0,0
2016,1,4,93,0,218,41,0,0
2017,2,3,14,0,0,42,1,0
2018,1,2,160,0,0,63,0,1
2019,1,1,44,0,0,43,1,0
2020,1,3,33,0,0,59,1,0
2021,3,4,103,1,0,46,0,0
2022,3,4,71,0,236,33,0,0
2023,1,1,55,0,151,55,0,0
2024,1,4,113,1,0,36,0,0
2025,2,3,79,0,185,47,1,0
2026,2,2,80,0,0,59,0,0
2027,1,2,179,0,380,38,0,0
2028,3,2,9,0,0,42,0,0
2029,2,4,61,0,0,30,0,0
2030,1,2,111,0,207,63,1,1
2031,1,3,80,0,0,60,0,0
2032,1,3,32,0,0,62,1,1
2033,1,1,83,0,0,49,0,1
2034,2,4,91,0,329,59,0,0
2035,1,4,29,0,0,36,0,1
2036,2,3,19,0,0,46,0,0
2037,2,2,52,0,0,35,0,1
2038,1,1,150,0,0,50,0,1
2039,3,2,32,0,0,51,0,0
2040,3,3,91,0,0,41,0,0
2041,2,3,180,1,535,45,0,0
2042,1,1,121,0,0,41,0,0
2043,3,2,25,0,0,57,0,1
2044,1,1,102,0,0,51,0,0
2045,2,4,44,0,107,52,0,0
2046,2,3,161,1,0,43,0,1
2047,2,3,134,1,0,63,0,1
2048,2,1,43,0,0,28,0,1
2049,2,4,94,0,0,43,0,0
2050,3,2,29,0,98,41,0,0
2051,1,4,38,0,0,34,0,0
2052,1,1,120,0,170,28,0,0
2053,1,2,85,0,161,58,1,1
2054,1,2,89,0,0,39,0,0
2055,3,1,25,0,0,49,0,0
2056,1,3,20,0,83,33,0,1
2057,1,2,125,0,0,37,0,1
2058,3,1,18,0,0,33,0,0
2059,1,2,173,0,222,28,0,0
2060,3,4,34,0,0,54,0,1
2061,2,4,159,1,111,63,0,0
2062,1,3,55,0,219,57,0,1
2063,3,2,32,0,0,56,0,0
2064,3,4,65,0,0,54,0,1
2065,1,3,83,0,0,29,0,1
2066,2,2,30,0,0,41,0,1
2067,1,1,180,0,0,58,0,1
2068,3,2,13,0,0,61,0,0
2069,1,4,35,0,0,30,0,1
2070,1,3,95,0,0,62,0,0
2071,1,1,83,0,0,52,0,0
2072,1,4,39,0,137,29,0,1
2073,3,1,54,0,154,46,0,1
2074,3,1,81,0,293,52,0,1
2075,3,4,53,0,0,40,0,0
2076,1,1,119,0,398,49,0,0
2077,3,4,160,1,0,34,0,1
2078,2,2,21,0,0,35,0,0
2079,3,1,40,0,0,26,0,0
2080,2,4,69,0,0,65,0,0
2081,2,1,45,0,0,52,0,0
2082,2,4,55,0,0,32,0,0
2083,3,1,38,0,0,31,0,0
2084,2,4,44,0,101,36,1,0
2085,2,3,45,0,117,50,0,0
2086,2,1,84,0,0,36,0,1
2087,2,2,188,1,343,51,0,0
2088,3,3,29,0,151,39,1,0
2089,2,1,95,0,0,53,0,0
2090,1,1,79,0,307,50,0,1
2091,2,1,41,0,0,31,1,0
2092,3,4,19,0,84,53,0,0
2093,3,4,75,0,0,48,0,1
2094,1,3,64,0,208,57,0,1
2095,3,4,174,1,0,47,0,0
2096,3,2,54,0,93,55,0,0
2097,2,3,14,0,113,37,0,0
2098,1,1,94,0,272,59,0,0
2099,1,2,10,0,0,53,0,0
2100,1,1,145,0,84,31,0,0
2101,3,1,203,1,0,35,0,0
2102,3,2,81,0,0,25,0,1
2103,1,2,153,0,0,37,0,1
2104,3,4,58,0,0,40,0,0
2105,3,4,49,0,0,31,0,1
2106,1,1,132,0,0,62,0,0
2107,3,4,85,0,229,41,0,0
2108,1,3,85,0,0,56,1,0
2109,3,1,178,1,0,47,0,0
2110,1,3,104,0,0,28,0,0
2111,1,1,40,0,0,60,0,0
2112,1,1,103,0,120,27,0,0
2113,1,2,25,0,0,57,0,0
2114,3,2,69,0,0,62,0,0
2115,1,3,30,0,0,57,0,0
2116,2,3,70,0,0,44,0,0
2117,3,3,15,0,0,31,0,0
2118,1,2,125,0,0,31,0,1
2119,3,3,50,0,0,39,0,0
2120,3,1,44,0,0,41,0,0
2121,2,4,38,0,180,41,0,1
2122,1,3,64,0,119,55,0,1
2123,2,1,9,0,0,28,0,0
2124,1,3,44,0,89,35,0,0
2125,1,4,93,0,101,44,0,0
2126,1,4,83,0,141,44,0,0
2127,1,2,179,0,0,40,0,0
2128,3,1,40,0,0,65,0,0
2129,3,4,58,0,232,35,0,0
2130,1,3,74,0,0,55,0,1
2131,1,1,15,0,0,55,0,0
2132,1,2,11,0,0,59,0,1
2133,2,1,41,0,176,39,0,0
2134,2,1,68,0,120,50,0,1
2135,3,1,28,0,0,45,1,0
2136,3,1,115,1,0,50,0,1
2137,2,4,83,0,247,65,0,0
2138,2,2,40,0,166,36,1,0
2139,3,1,113,0,0,57,0,0
2140,3,1,89,0,0,53,1,0
2141,1,4,38,0,0,28,0,0
2142,1,4,62,0,0,55,0,0
2143,1,3,65,0,109,56,0,0
2144,2,3,168,1,0,33,1,0
2145,1,3,40,0,0,57,0,1
2146,3,1,30,0,80,27,0,0
2147,1,4,20,0,0,27,0,0
2148,3,2,58,0,0,54,0,0
2149,1,1,150,0,193,48,0,0
2150,1,1,54,0,0,62,1,1
2151,2,2,19,0,105,41,0,0
2152,3,3,30,0,128,62,0,0
2153,1,1,123,0,0,40,0,0
2154,2,1,45,0,0,32,0,0
2155,1,1,154,0,0,62,0,0
2156,1,2,93,0,0,35,0,1
2157,1,4,71,0,78,25,1,0
2158,1,4,83,1,0,50,0,1
2159,3,1,99,1,255,61,0,1
2160,2,3,55,0,0,43,0,0
2161,2,4,38,0,95,52,0,1
2162,2,3,74,0,155,39,0,0
2163,3,4,69,0,0,33,0,0
2164,1,2,104,0,184,27,1,0
2165,3,4,38,0,154,27,0,0
2166,3,3,25,0,0,32,0,1
2167,1,1,162,0,0,65,0,0
2168,3,4,64,0,0,55,0,0
2169,2,2,30,0,0,52,0,1
2170,3,3,52,0,0,39,1,1
2171,3,1,42,0,0,35,0,0
2172,2,2,79,0,219,39,0,0
2173,1,1,34,0,164,34,0,0
2174,1,2,123,0,0,30,0,0
2175,1,2,160,0,0,37,0,0
2176,2,3,51,0,0,41,0,0
2177,1,1,108,0,0,31,0,0
2178,2,2,158,1,0,37,0,1
2179,2,1,68,0,0,49,0,0
2180,3,2,42,0,0,58,0,0
2181,3,1,32,0,105,45,0,0
2182,3,2,22,0,0,40,0,0
2183,3,2,29,0,0,34,0,1
2184,3,2,183,1,0,62,0,0
2185,3,1,69,0,0,54,0,1
2186,1,2,92,0,0,26,0,0
2187,3,2,40,0,0,54,0,0
2188,3,4,9,0,86,29,0,1
2189,1,1,128,0,0,48,0,1
2190,1,2,110,0,294,27,1,1
2191,1,2,171,0,0,42,0,0
2192,1,4,13,0,95,25,0,1
2193,3,2,25,0,102,45,0,0
2194,2,1,123,1,0,34,0,0
2195,1,4,33,0,83,51,0,0
2196,2,4,189,1,0,51,0,0
2197,3,1,34,0,0,60,0,0
2198,2,1,58,0,0,59,0,0
2199,2,1,51,0,98,49,0,1
2200,1,2,29,0,0,50,0,0
2201,1,2,111,0,0,41,0,0
2202,3,4,43,0,0,49,0,0
2203,1,1,130,0,311,50,0,0
2204,1,2,20,0,76,63,0,0
2205,1,2,101,0,0,63,0,0
2206,2,4,48,0,207,33,0,0
2207,3,1,180,1,158,38,0,0
2208,3,2,92,0,185,64,1,0
2209,1,3,33,0,0,36,0,0
2210,2,2,51,0,0,58,0,0
2211,2,2,31,0,94,39,0,1
2212,1,1,83,0,0,46,0,0
2213,1,1,45,0,0,61,0,0
2214,3,1,89,0,146,53,0,1
2215,2,3,193,1,0,28,0,0
2216,1,1,89,0,0,64,0,0
2217,2,4,162,1,446,48,0,0
2218,2,2,9,0,0,38,0,0
2219,3,4,58,0,223,52,0,0
2220,3,1,80,0,0,65,0,0
2221,3,2,73,0,0,59,0,1
2222,1,1,41,0,0,45,0,0
2223,2,3,74,0,0,53,1,0
2224,3,2,29,0,0,38,0,0
2225,3,4,25,0,115,54,0,0
2226,1,1,98,0,0,25,0,0
2227,2,4,59,0,0,61,0,1
2228,3,4,43,0,0,48,0,0
2229,2,4,72,0,149,46,0,1
2230,3,1,183,1,0,36,0,1
2231,1,1,134,0,146,46,1,0
2232,1,2,140,0,262,59,0,0
2233,3,1,39,0,0,59,0,0
2234,2,4,35,0,0,36,0,0
2235,1,2,141,0,0,63,0,1
2236,2,1,23,0,0,51,0,0
2237,1,1,134,0,0,30,0,1
2238,3,1,35,0,0,48,0,0
2239,1,4,42,0,0,55,1,0
2240,3,4,81,0,167,41,1,0
2241,1,4,14,0,94,26,0,0
2242,1,1,45,0,172,41,1,0
2243,2,3,79,0,150,54,0,1
2244,2,1,53,0,120,57,0,0
2245,2,2,33,0,0,54,0,1
2246,2,3,190,1,266,35,0,0
2247,3,1,60,0,103,60,0,0
2248,2,1,8,0,97,63,0,0
2249,2,3,38,0,150,41,0,0
2250,1,1,154,0,0,46,0,0
2251,2,4,54,0,0,31,0,0
2252,1,3,41,0,0,58,0,0
2253,1,2,25,0,75,59,0,0
2254,1,2,53,0,109,46,0,0
2255,1,1,79,0,0,33,0,0
2256,2,4,13,0,76,56,0,1
2257,1,2,130,0,0,47,0,0
2258,2,2,93,0,0,59,0,0
2259,1,3,82,0,0,24,0,0
2260,2,2,15,0,92,39,0,0
2261,2,4,150,1,0,30,0,0
2262,2,2,131,1,0,55,0,1
2263,1,3,28,0,0,47,0,0
2264,2,4,9,0,0,35,0,0
2265,2,4,88,0,0,47,0,0
2266,1,1,143,0,0,38,0,0
2267,3,2,168,1,0,38,0,0
2268,2,1,105,1,0,27,1,0
2269,3,3,62,0,0,42,0,0
2270,1,4,51,0,0,26,0,0
2271,1,3,101,0,0,60,0,1
2272,1,3,90,0,0,27,0,0
2273,3,4,83,0,0,27,0,1
2274,3,2,21,0,0,40,0,0
2275,1,1,115,0,0,40,0,0
2276,1,4,172,1,0,29,0,0
2277,2,2,32,0,0,30,0,0
2278,1,2,204,0,0,30,0,0
2279,1,4,34,0,0,47,0,1
2280,3,2,30,0,132,33,0,0
2281,2,3,31,0,0,57,0,1
2282,1,2,90,0,0,38,0,1
2283,3,4,79,0,0,54,0,0
2284,1,4,22,0,0,47,0,1
2285,3,1,114,1,0,48,0,0
2286,3,1,42,0,128,62,0,0
2287,3,1,29,0,90,30,0,0
2288,2,3,72,0,0,35,0,0
2289,3,1,68,0,95,59,0,0
2290,3,4,78,0,0,38,0,0
2291,1,1,90,0,323,47,0,0
2292,2,2,170,1,0,57,0,0
2293,2,2,14,0,0,42,0,0
2294,1,2,129,0,0,39,0,0
2295,3,3,39,0,87,53,0,0
2296,1,2,82,0,0,27,0,1
2297,2,3,31,0,0,59,0,1
2298,2,4,9,0,0,48,0,1
2299,3,3,15,0,91,62,0,0
2300,1,3,70,0,0,66,0,0
2301,3,4,84,0,0,38,0,0
2302,1,1,155,0,0,42,0,1
2303,3,2,89,0,0,47,0,1
2304,1,3,170,1,0,27,0,0
2305,1,2,185,0,0,32,0,1
2306,1,2,82,0,0,37,0,0
2307,1,3,60,0,0,56,0,0
2308,2,2,58,0,0,39,0,0
2309,1,1,29,0,81,36,0,0
2310,1,2,32,0,0,32,0,0
2311,2,4,115,0,0,62,0,1
2312,2,2,83,0,0,48,0,0
2313,2,3,54,0,0,58,0,1
2314,3,4,112,0,0,27,1,0
2315,2,2,182,1,0,52,0,0
2316,1,2,112,0,0,54,0,0
2317,3,3,129,1,319,31,1,1
2318,2,1,23,0,112,60,0,0
2319,1,2,198,0,422,34,0,0
2320,3,4,84,0,0,46,0,0
2321,3,3,39,0,0,41,0,0
2322,1,1,129,0,0,62,0,0
2323,2,2,113,0,315,31,0,0
2324,3,1,35,0,114,41,0,0
2325,3,1,85,0,0,55,0,0
2326,1,4,73,0,0,45,0,0
2327,3,1,70,0,0,51,1,0
2328,1,3,130,1,192,27,0,0
2329,1,1,39,0,0,30,0,0
2330,2,4,72,0,242,31,0,1
2331,3,4,68,0,0,61,0,0
2332,3,1,35,0,0,40,0,1
2333,1,3,61,0,0,45,1,1
2334,1,4,69,0,0,45,0,0
2335,2,1,59,0,0,37,0,0
2336,3,2,99,0,217,34,0,0
2337,2,1,201,1,0,43,0,1
2338,1,2,130,0,0,42,0,1
2339,2,3,72,0,0,56,0,0
2340,1,1,44,0,0,33,0,0
2341,3,1,91,0,289,36,0,0
2342,1,3,92,0,310,62,0,0
2343,1,1,55,0,168,58,0,1
2344,1,3,20,0,102,65,0,1
2345,1,1,89,1,299,65,0,0
2346,2,2,59,0,239,52,0,1
2347,3,3,8,0,87,64,0,1
2348,1,4,85,0,0,51,0,1
2349,1,1,94,0,76,59,1,0
2350,1,2,22,0,0,52,0,1
2351,3,2,74,0,0,55,0,1
2352,2,3,59,0,0,46,0,0
2353,2,4,12,0,0,61,0,1
2354,2,1,8,0,0,35,0,0
2355,3,3,74,0,0,56,0,1
2356,2,4,184,1,0,31,0,1
2357,2,4,34,0,0,44,0,0
2358,3,2,63,0,0,53,1,0
2359,2,2,123,1,0,36,0,1
2360,3,2,85,0,0,27,0,0
2361,3,3,109,1,0,36,1,0
2362,3,1,31,0,0,40,0,0
2363,2,2,61,0,90,39,0,0
2364,1,2,88,0,0,59,0,1
2365,2,2,22,0,0,43,0,0
2366,2,4,63,0,0,30,1,0
2367,1,4,80,0,0,26,0,1
2368,1,3,78,0,0,48,0,1
2369,1,4,45,0,93,50,0,0
2370,3,4,51,0,0,33,0,1
2371,3,2,111,0,0,32,0,0
2372,1,3,45,0,153,34,0,1
2373,2,2,184,1,0,33,0,0
2374,2,2,41,0,112,32,1,0
2375,3,4,69,0,0,55,1,1
2376,1,3,23,0,0,58,0,0
2377,1,2,160,0,0,47,0,0
2378,2,1,61,0,251,30,1,0
2379,1,2,110,0,182,42,0,0
2380,3,2,50,0,0,40,0,0
2381,2,1,49,0,0,33,0,0
2382,2,4,185,1,428,46,0,1
2383,1,2,52,0,0,63,0,1
2384,1,2,53,0,0,62,0,0
2385,2,4,125,1,0,43,0,0
2386,1,3,72,0,0,31,0,0
2387,3,4,51,0,0,28,0,1
2388,1,3,23,0,0,64,1,0
2389,3,1,41,0,0,27,0,1
2390,1,3,41,0,108,33,0,0
2391,2,1,138,1,0,39,0,0
2392,1,2,138,0,0,44,0,1
2393,1,4,14,0,0,53,0,1
2394,1,2,145,0,505,42,0,0
2395,2,3,25,0,0,44,0,1
2396,1,1,43,0,142,34,0,1
2397,2,1,93,0,309,47,0,0
2398,1,2,90,0,217,53,1,1
2399,3,2,41,0,154,62,1,0
2400,3,2,169,1,106,61,0,1
2401,3,2,63,0,0,42,0,0
2402,2,3,23,0,95,48,0,0
2403,1,4,140,1,0,38,0,0
2404,3,1,75,0,0,41,0,0
2405,2,4,13,0,78,57,1,0
2406,3,1,10,0,81,31,0,0
2407,2,1,100,0,0,39,0,0
2408,1,3,85,0,203,48,0,0
2409,1,3,73,0,219,55,0,0
2410,1,2,130,0,0,29,0,1
2411,2,3,65,0,0,47,0,0
2412,1,4,59,0,148,61,0,0
2413,3,2,31,0,0,60,0,0
2414,1,1,134,0,0,34,0,0
2415,1,4,11,0,106,45,0,1
2416,3,1,32,0,80,60,0,0
2417,3,2,53,0,0,25,0,1
2418,1,1,28,0,0,41,0,1
2419,3,2,44,0,0,63,0,0
2420,1,1,40,0,118,63,0,1
2421,2,3,40,0,0,43,0,0
2422,1,2,163,0,400,58,0,0
2423,3,1,82,0,0,50,0,0
2424,2,4,89,0,0,38,0,0
2425,2,4,78,0,0,54,0,1
2426,3,3,55,0,197,61,0,0
2427,2,4,34,0,0,29,0,0
2428,2,4,108,1,301,39,0,1
2429,2,4,58,0,0,33,0,1
2430,1,4,73,0,0,23,0,0
2431,1,4,54,0,0,56,0,0
2432,2,4,45,0,0,54,0,1
2433,2,1,123,1,0,37,1,0
2434,1,1,93,0,267,38,0,0
2435,2,4,102,0,0,34,0,0
2436,1,3,39,0,0,53,0,0
2437,2,4,114,0,0,65,0,1
2438,3,1,29,0,0,62,0,1
2439,2,3,30,0,144,51,0,1
2440,3,1,22,0,0,31,0,0
2441,1,2,38,0,186,64,0,1
2442,1,2,41,0,0,39,0,0
2443,3,4,161,1,422,28,0,1
2444,2,3,38,0,0,60,0,1
2445,3,1,25,0,0,47,0,0
2446,1,4,70,0,218,25,0,0
2447,1,2,201,0,0,44,0,1
2448,3,2,42,0,0,51,0,1
2449,1,1,64,0,0,31,0,0
2450,3,4,28,0,0,32,0,0
2451,1,1,119,0,208,51,0,1
2452,3,1,28,0,0,25,0,0
2453,3,3,60,0,0,43,0,0
2454,2,1,23,0,0,54,0,0
2455,3,4,164,1,0,34,0,0
2456,1,2,39,0,0,54,0,1
2457,3,2,19,0,85,42,0,1
2458,3,2,72,0,0,46,0,1
2459,3,3,41,0,0,62,0,1
2460,2,2,32,0,130,31,0,0
2461,2,1,69,0,0,30,0,0
2462,1,3,23,0,0,52,0,0
2463,1,4,44,0,0,35,0,0
2464,2,3,32,0,165,60,0,0
2465,1,2,25,0,123,58,0,0
2466,3,2,80,0,0,24,0,0
2467,2,1,83,0,230,40,1,0
2468,1,1,133,0,0,49,0,1
2469,2,1,89,0,307,43,0,1
2470,3,2,81,0,187,33,0,1
2471,2,2,44,0,85,36,0,0
2472,1,2,119,0,0,62,0,0
2473,1,4,39,0,147,57,0,0
2474,3,2,40,0,0,64,0,0
2475,1,3,79,0,183,52,0,0
2476,2,4,30,0,0,54,0,0
2477,3,1,179,1,0,40,0,0
2478,1,2,178,0,0,30,0,0
2479,2,4,82,0,0,55,0,0
2480,2,2,50,0,0,39,0,0
2481,2,2,64,0,0,55,0,0
2482,1,1,129,0,0,28,0,1
2483,1,4,68,0,0,44,1,0
2484,3,1,30,0,112,46,1,0
2485,1,3,48,0,0,61,0,1
2486,1,1,130,0,257,61,0,0
2487,3,1,40,0,0,45,1,0
2488,1,2,105,0,0,38,0,0
2489,1,4,41,0,0,29,0,0
2490,3,3,168,1,118,52,0,0
2491,1,2,80,0,0,38,0,0
2492,1,2,134,0,0,28,0,0
2493,3,1,49,0,0,34,0,0
2494,1,2,63,0,0,35,0,0
2495,1,4,70,0,212,46,0,1
2496,2,3,32,0,141,63,0,0
2497,3,3,14,0,114,33,0,0
2498,1,2,111,0,326,38,0,0
2499,2,4,38,0,144,53,1,0
2500,1,2,121,0,341,28,0,0
2501,3,4,90,0,0,44,0,0
2502,2,2,178,1,0,58,0,0
2503,2,4,20,0,79,38,0,1
2504,1,2,61,0,229,48,0,1
2505,1,4,43,0,0,33,0,0
2506,2,1,39,0,0,66,0,1
2507,1,4,60,0,234,59,0,1
2508,1,3,63,0,0,40,1,0
2509,3,4,8,0,81,36,0,1
2510,2,4,52,0,0,62,0,1
2511,1,4,92,1,0,51,0,1
2512,1,2,111,0,298,58,0,0
2513,3,1,71,0,0,52,0,0
2514,2,2,25,0,91,41,1,0
2515,3,1,34,0,156,31,0,0
2516,3,3,74,0,0,28,0,0
2517,1,2,120,0,0,57,0,1
2518,2,4,50,0,0,61,0,1
2519,1,2,10,0,0,60,0,1
2520,2,4,45,0,113,56,0,0
2521,1,4,29,0,0,49,0,1
2522,1,2,145,0,0,63,0,0
2523,1,2,100,0,0,49,0,0
2524,1,3,24,0,0,49,0,0
2525,1,1,60,0,0,32,0,1
2526,2,4,50,0,0,26,0,0
2527,2,3,43,0,0,27,0,0
2528,1,3,79,0,0,57,0,1
2529,2,3,44,0,0,29,0,1
2530,3,4,31,0,0,56,0,0
2531,1,2,14,0,107,59,0,0
2532,1,4,19,0,106,53,0,1
2533,2,1,111,1,0,54,0,0
2534,2,1,90,0,0,56,0,0
2535,3,2,21,0,129,50,0,0
2536,2,1,104,1,0,51,0,0
2537,2,1,75,0,0,53,0,0
2538,1,2,175,0,297,37,0,1
2539,1,1,98,1,171,32,1,0
2540,1,4,41,0,153,49,0,0
2541,2,2,171,1,569,34,0,0
2542,2,4,79,0,0,54,0,0
2543,2,4,24,0,0,64,0,0
2544,2,1,90,1,0,58,0,0
2545,2,3,39,0,0,25,0,0
2546,1,2,9,0,0,50,1,0
2547,2,2,15,0,90,38,0,0
2548,1,1,80,0,0,48,0,0
2549,3,1,63,0,79,41,0,1
2550,3,1,20,0,102,32,0,0
2551,3,2,43,0,0,46,1,1
2552,3,1,65,0,0,39,0,0
2553,2,2,91,0,151,39,0,0
2554,1,1,53,0,0,63,0,0
2555,2,3,110,0,0,58,0,0
2556,1,3,82,0,103,28,0,0
2557,3,4,23,0,0,36,0,0
2558,1,2,172,0,0,43,0,0
2559,1,2,88,0,0,36,0,0
2560,3,2,71,0,0,44,0,0
2561,3,1,180,1,144,31,1,0
2562,3,2,39,0,184,45,0,1
2563,3,1,94,0,0,39,0,1
2564,2,3,25,0,0,43,0,0
2565,3,2,10,0,102,40,0,0
2566,1,1,42,0,184,30,0,0
2567,1,2,142,0,0,58,0,1
2568,1,2,34,0,0,46,0,0
2569,1,1,139,0,0,35,0,0
2570,1,2,154,0,207,30,0,0
2571,3,2,40,0,89,34,0,0
2572,3,1,33,0,140,62,0,1
2573,1,2,80,0,0,58,0,1
2574,2,3,10,0,100,45,0,0
2575,3,3,41,0,0,42,0,0
2576,1,4,30,0,118,60,0,1
2577,3,1,78,0,190,55,0,0
2578,1,1,164,0,0,45,0,1
2579,3,1,23,0,0,52,0,0
2580,1,1,149,0,0,31,0,0
2581,3,4,25,0,0,60,0,0
2582,3,1,42,0,0,33,0,0
2583,1,1,71,0,185,37,0,1
2584,2,3,114,1,0,59,0,0
2585,2,1,70,0,0,51,0,1
2586,1,4,149,1,0,47,0,1
2587,2,4,55,0,0,60,0,0
2588,1,1,29,0,0,61,0,0
2589,1,1,123,0,0,64,0,1
2590,3,1,152,1,374,46,0,1
2591,2,4,8,0,0,31,0,0
2592,1,4,69,0,245,57,0,0
2593,3,4,161,1,310,48,0,0
2594,2,1,79,0,0,48,0,0
2595,1,1,105,0,0,35,0,0
2596,1,3,39,0,0,33,0,0
2597,1,1,163,0,0,47,0,0
2598,1,1,9,0,0,46,0,0
2599,3,4,71,0,0,44,0,1
2600,3,3,51,0,0,42,0,0
2601,3,1,32,0,167,50,0,0
2602,1,4,161,1,0,52,0,1
2603,1,1,60,0,0,53,0,0
2604,2,4,35,0,0,37,0,0
2605,2,4,41,0,0,64,0,0
2606,1,2,73,0,216,46,0,0
2607,1,4,49,0,214,57,1,1
2608,1,2,79,0,194,61,0,1
2609,1,2,120,0,0,42,1,0
2610,1,2,60,0,0,40,0,0
2611,2,3,78,0,0,33,0,0
2612,2,4,40,0,131,50,0,0
2613,3,2,110,1,204,52,1,0
2614,3,4,160,1,0,35,1,0
2615,1,4,68,0,191,57,0,1
2616,3,2,49,0,103,56,0,0
2617,1,2,65,0,0,44,0,0
2618,2,3,55,0,145,23,0,0
2619,1,3,62,0,98,33,0,1
2620,1,1,152,0,0,48,0,0
2621,2,3,42,0,0,45,0,0
2622,2,4,39,0,0,54,0,0
2623,1,3,111,1,0,42,1,1
2624,1,3,82,0,0,47,0,0
2625,2,4,108,0,0,61,0,0
2626,3,2,59,0,0,53,0,0
2627,1,3,61,0,193,56,0,0
2628,2,4,78,0,0,33,1,0
2629,3,2,18,0,0,44,0,0
2630,3,4,113,0,0,63,0,1
2631,2,1,62,0,0,47,0,0
2632,1,1,81,0,248,50,0,0
2633,1,3,13,0,106,49,0,0
2634,1,1,75,0,194,34,0,0
2635,3,2,33,0,89,40,0,0
2636,1,1,179,0,0,38,0,0
2637,2,3,69,0,0,51,0,0
2638,3,1,45,0,0,28,0,0
2639,2,3,59,0,0,52,0,0
2640,1,2,81,0,0,39,0,0
2641,1,1,133,0,212,29,0,0
2642,3,2,81,0,0,54,0,0
2643,2,4,14,0,86,63,0,1
2644,3,2,28,0,0,40,0,0
2645,1,2,93,0,0,36,0,0
2646,3,3,191,1,123,45,0,0
2647,1,1,155,0,0,61,0,0
2648,1,2,155,0,0,26,0,0
2649,1,4,68,0,0,33,0,0
2650,1,2,52,0,226,64,0,0
2651,3,1,51,0,0,43,0,0
2652,1,4,44,0,180,24,0,0
2653,1,2,121,0,408,30,0,0
2654,1,4,49,0,204,60,1,0
2655,3,2,42,0,78,50,1,0
2656,1,1,144,0,0,40,0,0
2657,2,1,72,0,0,31,0,0
2658,1,1,44,0,109,30,0,0
2659,3,3,43,0,175,60,0,0
2660,2,1,74,0,144,39,1,0
2661,1,1,145,0,0,66,0,0
2662,1,2,158,0,0,65,0,0
2663,1,4,78,0,0,54,0,0
2664,2,1,154,1,352,54,0,0
2665,3,2,105,0,0,35,0,0
2666,2,3,100,0,0,32,0,0
2667,2,1,58,0,0,63,0,0
2668,1,1,113,0,406,60,0,0
2669,2,2,10,0,0,43,1,1
2670,1,2,142,0,0,59,0,0
2671,1,1,128,0,0,62,0,0
2672,3,3,131,1,0,30,0,0
2673,2,4,88,0,122,54,0,0
2674,1,2,101,0,0,30,0,0
2675,3,2,70,0,0,31,0,1
2676,1,1,122,0,0,44,1,0
2677,1,3,70,0,0,32,0,0
2678,3,2,148,1,0,63,0,0
2679,3,2,43,0,166,57,0,0
2680,3,1,31,0,0,60,0,0
2681,3,2,35,0,0,37,0,0
2682,3,4,81,0,0,53,0,0
2683,3,1,19,0,98,51,0,0
2684,3,4,98,0,129,30,1,1
2685,3,4,101,0,0,28,0,0
2686,3,2,81,0,0,50,0,0
2687,1,1,135,0,452,52,0,0
2688,2,2,34,0,0,56,0,0
2689,1,1,104,0,249,40,0,0
2690,2,3,29,0,0,64,0,0
2691,2,2,119,1,0,61,0,0
2692,2,2,82,0,0,46,0,1
2693,1,1,62,0,0,55,0,0
2694,1,3,85,0,0,45,0,1
2695,2,2,8,0,0,40,0,0
2696,3,4,78,0,0,63,0,0
2697,2,3,44,0,0,57,0,0
2698,1,2,122,0,0,38,0,1
2699,2,3,22,0,114,37,0,0
2700,2,4,39,0,0,31,0,1
2701,2,1,55,0,0,50,0,0
2702,1,2,144,0,158,42,0,0
2703,2,1,71,0,0,51,0,1
2704,1,2,191,0,0,38,0,0
2705,2,1,22,0,100,53,0,0
2706,1,1,158,0,0,43,0,0
2707,3,3,131,1,0,35,0,1
2708,2,1,75,0,160,49,0,1
2709,2,3,69,0,170,28,0,0
2710,1,2,39,0,0,51,0,0
2711,1,4,34,0,0,39,0,1
2712,1,1,32,0,0,31,0,0
2713,1,1,129,0,0,44,0,0
2714,1,3,158,1,432,46,0,1
2715,1,1,54,0,0,42,0,0
2716,2,1,34,0,0,41,0,0
2717,2,4,45,0,0,23,0,1
2718,3,2,68,0,0,59,1,0
2719,2,1,53,0,0,47,0,0
2720,1,1,32,0,0,48,0,1
2721,3,2,173,1,0,58,0,0
2722,1,4,31,0,0,58,0,0
2723,1,2,72,0,144,54,0,0
2724,2,4,30,0,157,49,0,1
2725,1,1,138,0,0,63,0,0
2726,2,1,18,0,127,62,0,0
2727,1,1,69,0,220,45,0,1
2728,1,3,58,0,247,39,0,0
2729,1,4,63,0,0,58,0,0
2730,1,2,43,0,0,56,1,0
2731,3,1,28,0,0,29,0,0
2732,3,1,38,0,133,33,0,0
2733,2,3,72,0,147,55,0,0
2734,1,4,64,0,0,56,0,0
2735,2,3,70,0,165,36,0,0
2736,1,1,12,0,0,53,0,0
2737,1,2,159,0,0,57,0,0
2738,3,2,103,0,0,35,0,0
2739,3,1,42,0,0,43,0,0
2740,3,2,48,0,142,54,0,0
2741,1,1,49,0,0,29,0,0
2742,1,2,89,0,0,39,0,0
2743,2,4,22,0,0,32,0,1
2744,1,2,10,0,86,51,0,0
2745,2,1,38,0,120,50,0,1
2746,3,2,49,0,95,54,0,1
2747,3,2,30,0,0,38,0,1
2748,2,1,82,0,240,32,0,1
2749,3,1,82,0,312,62,0,0
2750,2,1,24,0,0,57,0,0
2751,1,4,32,0,156,47,0,1
2752,3,3,34,0,111,51,0,0
2753,2,2,195,1,477,54,0,0
2754,1,4,61,0,119,26,0,0
2755,2,3,22,0,0,37,0,1
2756,3,4,40,0,0,27,0,0
2757,1,2,50,0,205,63,0,0
2758,3,2,35,0,0,62,1,1
2759,2,3,64,0,0,59,0,0
2760,1,3,49,0,0,32,0,0
2761,2,4,44,0,192,35,0,1
2762,1,2,65,0,0,56,0,0
2763,1,4,13,0,0,55,0,0
2764,3,1,84,0,105,31,0,1
2765,2,4,28,0,101,54,0,0
2766,1,3,108,0,0,58,0,0
2767,1,1,59,0,144,48,0,0
2768,1,1,163,0,396,48,0,0
2769,3,2,183,1,582,33,0,0
2770,3,4,69,0,0,36,0,0
2771,1,1,115,0,0,41,0,0
2772,1,4,130,1,0,55,0,1
2773,2,2,185,1,358,63,0,0
2774,1,2,118,0,0,53,0,0
2775,1,1,163,0,0,38,0,0
2776,1,2,140,0,380,46,0,1
2777,2,2,91,0,0,59,0,1
2778,3,4,61,0,0,56,0,1
2779,2,4,168,1,0,59,0,0
2780,2,3,69,0,0,39,0,0
2781,1,1,22,0,104,47,0,0
2782,1,1,53,0,213,47,0,0
2783,2,2,25,0,0,53,0,1
2784,2,4,115,1,0,36,0,0
2785,3,4,31,0,85,34,1,1
2786,3,1,83,0,0,36,0,1
2787,1,2,152,0,0,60,0,0
2788,1,1,30,0,0,45,0,0
2789,3,1,34,0,0,27,0,1
2790,3,1,44,0,0,47,0,1
2791,1,2,182,0,0,44,0,0
2792,1,3,44,0,117,54,0,0
2793,1,2,122,0,153,57,1,1
2794,1,4,35,0,0,52,0,0
2795,3,1,91,0,0,51,0,0
2796,2,2,30,0,0,57,0,0
2797,3,1,53,0,0,65,0,0
2798,3,1,28,0,0,58,0,0
2799,2,4,85,0,200,64,0,0
2800,2,2,28,0,90,52,0,1
2801,1,4,41,0,177,58,0,0
2802,3,1,154,1,0,52,1,0
2803,3,1,41,0,0,43,0,0
2804,1,3,33,0,0,56,0,0
2805,3,3,182,1,0,37,0,0
2806,3,2,59,0,0,53,0,0
2807,1,2,129,0,0,27,1,0
2808,3,3,35,0,136,53,0,0
2809,2,3,185,1,0,42,1,1
2810,2,4,45,0,201,58,0,0
2811,2,4,62,0,145,36,0,0
2812,3,3,183,1,467,53,0,1
2813,3,2,14,0,0,48,0,0
2814,3,1,53,0,0,54,0,1
2815,3,3,48,0,169,26,0,0
2816,1,2,128,0,0,50,0,0
2817,1,1,105,0,331,31,0,0
2818,1,3,40,0,0,35,0,1
2819,1,2,10,0,0,63,0,0
2820,1,2,102,0,303,29,0,0
2821,2,3,31,0,0,57,0,0
2822,1,4,30,0,158,30,0,0
2823,3,1,21,0,0,33,1,0
2824,1,2,44,0,0,62,0,0
2825,3,1,48,0,164,35,0,0
2826,2,3,21,0,0,37,0,0
2827,2,4,84,0,0,37,0,1
2828,2,3,64,0,230,35,0,0
2829,1,1,82,0,138,35,0,0
2830,1,4,39,0,0,59,0,0
2831,3,2,45,0,0,53,0,1
2832,3,4,133,1,0,45,0,1
2833,1,2,152,0,0,46,0,0
2834,1,1,12,0,91,40,1,0
2835,1,3,32,0,149,42,0,0
2836,1,4,74,0,204,25,0,0
2837,2,2,54,0,159,39,0,1
2838,2,3,181,1,0,30,0,1
2839,3,2,75,0,0,58,0,0
2840,1,3,95,0,240,41,1,0
2841,2,4,190,1,565,37,0,0
2842,1,1,90,0,0,36,0,0
2843,1,4,20,0,134,27,0,1
2844,3,3,64,0,0,60,0,0
2845,3,2,85,0,98,62,0,0
2846,2,4,105,0,0,67,0,0
2847,1,1,21,0,0,44,0,0
2848,2,2,78,0,0,24,0,0
2849,1,2,158,0,132,45,0,1
2850,1,1,125,0,219,58,0,0
2851,2,3,81,0,0,61,0,0
2852,1,1,183,0,0,54,0,1
2853,2,4,54,0,0,28,0,0
2854,3,4,79,0,212,49,0,0
2855,2,1,38,0,136,35,0,0
2856,2,4,172,1,295,36,0,0
2857,1,3,184,1,0,34,0,0
2858,1,2,158,0,114,36,0,1
2859,3,1,188,1,282,35,0,0
2860,3,4,20,0,0,27,0,0
2861,3,4,60,0,151,42,0,1
2862,3,4,113,0,0,65,0,0
2863,1,4,70,0,0,29,0,1
2864,3,2,84,0,0,65,0,1
2865,3,2,23,0,0,59,0,0
2866,1,2,141,0,0,46,1,1
2867,1,3,110,0,264,59,0,0
2868,1,4,31,0,0,52,0,1
2869,1,1,22,0,80,60,0,0
2870,1,1,91,0,0,43,1,0
2871,3,4,82,0,252,65,0,0
2872,1,1,23,0,0,50,0,0
2873,1,1,35,0,0,48,1,0
2874,3,1,114,1,0,49,0,0
2875,2,3,18,0,0,58,0,1
2876,3,2,80,0,238,24,0,0
2877,3,2,74,0,0,58,0,1
2878,2,4,122,1,0,45,0,0
2879,2,3,73,0,0,42,0,0
2880,1,2,40,0,0,64,0,0
2881,3,4,55,0,0,49,0,0
2882,2,1,69,0,0,55,1,1
2883,2,4,92,0,0,40,0,0
2884,3,4,48,0,0,28,0,1
2885,3,4,113,1,327,57,0,0
2886,2,1,58,0,0,50,0,0
2887,1,2,109,0,0,40,0,0
2888,2,3,39,0,0,55,0,1
2889,2,3,33,0,144,53,0,0
2890,1,4,18,0,0,48,0,1
2891,1,1,63,0,0,59,0,1
2892,2,1,43,0,0,58,0,0
2893,3,4,70,0,0,38,0,0
2894,3,1,19,0,0,49,0,0
2895,2,4,39,0,140,60,0,0
2896,1,3,81,0,0,54,0,0
2897,3,4,34,0,0,28,0,0
2898,2,1,140,1,175,27,1,0
2899,1,1,114,0,0,42,0,0
2900,3,2,55,0,151,52,0,0
2901,2,1,21,0,76,54,0,0
2902,2,4,50,0,0,56,1,0
2903,1,3,41,0,0,58,0,1
2904,1,3,190,1,0,56,0,0
2905,3,2,8,0,0,64,0,0
2906,2,2,55,0,0,35,0,0
2907,1,2,40,0,0,45,0,1
2908,2,3,22,0,0,57,0,0
2909,2,2,44,0,0,35,1,1
2910,3,3,102,1,0,46,0,0
2911,3,4,54,0,235,30,0,0
2912,2,4,130,1,0,44,0,0
2913,2,3,75,0,0,39,0,1
2914,1,2,42,0,0,42,0,0
2915,1,1,133,0,0,34,0,0
2916,2,1,40,0,0,46,0,0
2917,1,3,34,0,101,55,0,0
2918,1,1,142,0,0,28,0,0
2919,1,3,64,0,0,35,0,1
2920,3,2,44,0,170,60,0,0
2921,1,1,95,0,262,50,0,0
2922,3,1,49,0,0,52,0,0
2923,1,2,12,0,0,51,0,0
2924,3,1,98,0,0,51,0,1
2925,1,4,42,0,0,59,0,0
2926,3,2,44,0,0,53,0,1
2927,1,1,124,0,0,43,0,0
2928,1,2,175,0,0,31,0,0
2929,1,4,22,0,0,32,0,0
2930,1,4,78,0,99,41,0,0
2931,2,2,54,0,109,31,0,1
2932,1,1,154,0,0,41,0,1
2933,2,3,42,0,0,47,0,0
2934,1,2,195,0,635,37,0,0
2935,3,1,80,0,0,53,0,1
2936,2,3,81,0,0,49,0,0
2937,1,2,89,0,0,62,0,1
2938,2,3,61,0,0,33,0,0
2939,3,4,25,0,0,54,0,1
2940,2,3,43,0,163,27,0,0
2941,1,1,122,0,352,60,0,0
2942,1,1,160,0,385,29,0,0
2943,2,4,83,0,0,56,0,0
2944,3,2,79,0,0,55,0,0
2945,2,3,30,0,0,45,0,1
2946,1,1,145,0,437,33,0,0
2947,1,2,151,0,328,45,0,0
2948,3,2,14,0,98,44,0,1
2949,2,3,19,0,0,37,0,0
2950,3,1,55,0,135,42,0,0
2951,3,2,132,1,0,26,0,1
2952,1,1,182,0,0,33,0,0
2953,1,3,78,0,0,61,0,1
2954,2,1,42,0,0,31,0,1
2955,3,2,44,0,187,54,0,0
2956,3,4,195,1,522,62,0,1
2957,2,3,53,0,0,61,0,0
2958,1,3,65,0,0,66,0,0
2959,1,4,43,0,0,38,0,0
2960,3,4,38,0,0,55,0,1
2961,3,1,50,0,0,60,0,0
2962,2,2,81,0,0,23,0,0
2963,3,1,41,0,0,29,0,1
2964,1,3,73,0,0,35,0,0
2965,3,2,31,0,104,53,0,1
2966,2,3,84,0,0,32,0,1
2967,1,2,95,0,0,38,0,1
2968,1,4,162,1,301,44,0,0
2969,3,2,60,0,115,43,0,0
2970,3,2,121,1,0,54,1,0
2971,2,3,43,0,165,52,0,1
2972,2,1,38,0,182,31,0,1
2973,1,1,82,0,276,47,0,0
2974,1,4,52,0,0,42,0,0
2975,1,3,43,0,168,57,0,1
2976,2,1,82,0,0,33,1,1
2977,1,1,161,0,0,35,1,0
2978,2,2,24,0,0,56,0,0
2979,1,1,102,0,0,57,0,0
2980,2,3,53,0,0,25,0,0
2981,1,1,85,0,0,53,0,0
2982,1,3,111,0,0,59,0,0
2983,1,2,90,0,0,56,0,1
2984,1,2,94,0,188,54,0,0
2985,3,4,63,0,0,48,0,0
2986,2,2,153,1,0,55,1,0
2987,3,2,39,0,0,33,0,0
2988,1,2,205,0,181,46,1,0
2989,1,1,142,0,496,42,0,0
2990,1,2,163,0,0,49,1,0
2991,1,3,113,0,0,42,1,0
2992,1,1,64,0,0,46,0,1
2993,3,3,20,0,0,65,0,1
2994,1,1,179,0,0,50,0,0
2995,3,2,91,0,90,54,0,0
2996,1,1,103,1,0,42,1,1
2997,2,4,80,0,0,57,0,0
2998,1,2,38,0,0,61,0,0
2999,1,1,44,0,0,60,0,1
3000,2,1,164,1,0,40,0,0
3001,1,3,81,0,0,33,0,1
3002,2,2,95,0,83,37,0,0
3003,2,3,44,0,0,52,0,1
3004,1,3,88,0,0,33,0,1
3005,2,3,148,1,0,62,0,0
3006,2,3,169,1,184,62,0,1
3007,2,1,11,0,102,63,0,1
3008,3,1,92,0,158,55,0,1
3009,2,3,74,0,0,33,0,0
3010,1,3,72,0,0,25,0,0
3011,1,3,63,0,0,55,0,0
3012,1,2,172,0,415,29,0,0
3013,1,2,183,0,0,45,0,1
3014,3,1,40,0,166,60,0,0
3015,1,4,68,0,0,44,1,1
3016,3,4,78,0,0,48,0,0
3017,1,2,68,0,184,57,0,0
3018,1,1,49,0,99,58,0,1
3019,3,2,39,0,0,58,0,0
3020,1,1,151,0,392,44,0,0
3021,1,2,159,0,461,54,0,0
3022,2,4,89,0,0,59,0,1
3023,3,4,105,0,244,63,0,1
3024,1,2,78,0,0,61,0,1
3025,1,2,128,0,344,58,0,0
3026,1,4,81,0,228,44,0,1
3027,3,4,50,0,152,53,0,0
3028,3,3,38,0,178,63,0,1
3029,1,2,119,0,263,41,1,0
3030,2,3,110,0,0,50,0,0
3031,3,1,29,0,102,51,0,1
3032,3,1,19,0,0,47,0,0
3033,3,2,130,1,221,43,0,1
3034,1,1,38,0,130,46,0,0
3035,3,1,31,0,0,50,0,0
3036,2,4,14,0,105,33,0,0
3037,2,3,158,1,0,27,0,0
3038,1,4,39,0,115,34,0,0
3039,3,2,141,1,0,34,0,1
3040,1,3,33,0,167,28,0,0
3041,1,2,92,0,0,29,0,0
3042,2,3,78,0,0,52,0,0
3043,2,3,42,0,0,47,0,1
3044,2,2,15,0,83,41,0,0
3045,2,1,48,0,0,58,0,0
3046,1,3,63,0,0,37,0,0
3047,1,1,149,0,0,57,1,0
3048,1,1,49,0,103,63,0,0
3049,1,2,125,0,0,60,0,0
3050,2,1,58,0,0,50,0,0
3051,1,3,48,0,0,60,0,0
3052,3,2,75,0,0,54,0,1
3053,1,2,114,0,0,28,0,0
3054,2,4,134,1,0,45,0,1
3055,3,4,111,0,0,28,0,0
3056,2,4,62,0,149,54,0,0
3057,1,1,45,0,0,42,1,0
3058,1,2,113,0,0,30,0,0
3059,1,1,128,0,0,61,0,0
3060,3,4,168,1,0,64,0,0
3061,3,1,81,0,206,38,1,0
3062,2,1,75,0,297,39,0,1
3063,3,4,21,0,0,54,0,0
3064,1,3,83,0,0,59,0,0
3065,1,1,121,0,368,39,1,0
3066,3,4,40,0,0,63,0,0
3067,3,1,101,0,170,31,1,0
3068,3,2,90,0,0,56,0,0
3069,2,1,68,0,0,47,0,1
3070,2,2,74,0,221,28,1,0
3071,2,4,74,0,257,32,0,1
3072,3,2,51,0,0,54,0,0
3073,1,1,149,0,0,29,0,0
3074,3,1,31,0,88,39,0,1
3075,3,2,85,0,0,26,0,0
3076,3,2,62,0,0,29,0,1
3077,1,1,44,0,110,46,1,0
3078,3,3,63,0,190,38,1,1
3079,1,2,23,0,0,55,0,1
3080,2,3,40,0,87,48,0,0
3081,3,2,78,0,204,36,0,1
3082,3,3,40,0,129,39,0,0
3083,1,4,78,0,0,40,1,0
3084,2,3,129,1,0,26,0,0
3085,2,3,71,0,0,55,0,1
3086,3,3,23,0,0,61,0,0
3087,1,2,15,0,0,57,0,0
3088,1,1,28,0,138,56,0,1
3089,1,3,23,0,95,31,0,0
3090,3,1,19,0,0,61,0,0
3091,3,3,42,0,158,58,0,1
3092,1,2,113,0,325,43,1,0
3093,2,4,34,0,0,29,0,1
3094,2,1,19,0,104,50,0,1
3095,2,1,43,0,0,49,0,1
3096,1,3,179,1,0,43,1,0
3097,3,3,44,0,0,58,0,0
3098,2,2,21,0,0,41,0,0
3099,1,1,115,0,174,65,0,1
3100,2,4,81,0,0,52,0,1
3101,1,2,91,0,0,55,0,0
3102,2,4,30,0,0,49,0,1
3103,3,3,55,0,0,52,0,0
3104,3,2,48,0,0,56,0,1
3105,2,4,23,0,121,30,0,0
3106,2,3,21,0,0,36,0,0
3107,1,2,55,0,0,41,0,0
3108,2,3,21,0,0,42,0,0
3109,3,3,40,0,0,60,1,0
3110,1,4,30,0,0,44,0,1
3111,2,3,78,0,0,34,0,0
3112,3,2,65,0,0,56,0,0
3113,3,4,50,0,209,31,0,0
3114,2,4,55,0,0,29,1,0
3115,1,2,111,0,0,31,0,0
3116,2,3,21,0,0,36,0,1
3117,3,3,65,0,256,42,0,0
3118,3,1,114,0,0,64,0,0
3119,3,3,54,0,179,61,0,0
3120,2,2,75,0,0,35,0,0
3121,1,4,13,0,0,28,0,1
3122,3,2,54,0,218,38,0,0
3123,2,3,22,0,126,44,0,1
3124,1,2,198,0,0,45,0,1
3125,1,1,18,0,0,46,0,1
3126,1,4,74,0,0,57,0,1
3127,3,4,61,0,0,40,0,0
3128,1,2,64,0,0,38,0,0
3129,2,2,10,0,0,39,1,1
3130,2,2,82,0,0,23,1,1
3131,2,3,61,0,168,47,0,1
3132,1,2,83,0,148,32,1,0
3133,3,3,73,0,0,30,0,0
3134,1,2,22,0,89,54,0,0
3135,2,2,91,0,321,25,0,0
3136,3,3,65,0,94,60,1,1
3137,1,3,13,0,0,61,0,0
3138,1,1,103,0,255,36,0,0
3139,1,1,95,0,0,52,0,0
3140,1,4,31,0,0,33,0,1
3141,1,3,131,1,0,57,0,0
3142,3,4,175,1,0,34,1,1
3143,1,4,38,0,0,50,0,0
3144,1,3,104,0,0,43,0,0
3145,3,3,114,1,0,34,0,0
3146,2,4,38,0,0,26,0,0
3147,3,4,30,0,0,26,0,1
3148,3,2,19,0,106,48,0,0
3149,1,4,25,0,0,49,0,1
3150,3,4,124,1,0,47,0,0
3151,1,3,20,0,0,43,0,0
3152,3,1,83,0,0,40,0,0
3153,2,4,18,0,0,31,0,1
3154,3,1,99,1,149,27,0,1
3155,2,3,62,0,0,55,0,0
3156,2,1,24,0,0,54,0,0
3157,1,4,13,0,84,23,0,0
3158,3,2,64,0,0,54,1,0
3159,1,3,62,0,240,57,0,0
3160,2,1,158,1,0,41,1,1
3161,1,1,88,0,0,28,0,0
3162,1,4,28,0,0,33,0,0
3163,3,2,52,0,0,51,0,0
3164,1,4,82,0,0,28,0,1
3165,1,2,140,0,97,63,0,1
3166,2,1,80,0,0,29,0,1
3167,2,4,58,0,228,62,0,1
3168,1,1,180,0,0,51,0,0
3169,2,1,55,0,227,52,0,0
3170,2,3,65,0,100,43,0,0
3171,2,3,62,0,0,39,0,0
3172,1,4,23,0,0,35,0,0
3173,1,1,35,0,0,34,0,0
3174,2,4,35,0,0,49,0,1
3175,1,4,74,0,0,43,0,0
3176,1,3,14,0,0,48,0,0
3177,3,2,83,0,199,30,0,1
3178,3,4,71,0,0,46,0,0
3179,1,2,53,0,130,43,1,0
3180,1,2,103,0,84,27,0,0
3181,1,1,109,0,0,39,0,0
3182,2,2,60,0,94,58,1,0
3183,2,3,12,0,0,44,0,0
3184,1,2,141,0,0,39,0,0
3185,1,1,128,0,0,35,0,0
3186,1,3,98,0,296,41,0,0
3187,3,1,41,0,0,43,0,0
3188,3,2,90,0,0,55,0,1
3189,1,1,31,0,0,32,0,0
3190,3,1,74,0,0,56,0,0
3191,3,4,83,0,0,30,0,1
3192,3,1,35,0,0,65,0,0
3193,1,1,140,0,0,31,0,1
3194,3,3,65,0,0,41,0,0
3195,1,3,35,0,0,55,0,0
3196,3,4,73,0,0,37,0,1
3197,2,1,29,0,0,34,0,0
3198,2,4,55,0,147,34,0,1
3199,2,4,20,0,0,33,0,0
3200,2,1,70,0,0,48,0,0
3201,1,4,81,0,0,28,0,0
3202,1,2,25,0,0,30,1,0
3203,1,2,119,0,239,44,0,0
3204,2,4,49,0,185,61,0,0
3205,1,1,38,0,0,59,0,1
3206,3,2,80,0,0,33,0,1
3207,1,1,84,0,0,56,0,1
3208,2,4,61,0,0,53,0,0
3209,2,2,173,1,373,42,0,1
3210,1,2,60,0,0,43,1,0
3211,3,2,83,0,0,35,0,0
3212,2,1,59,0,0,61,0,0
3213,3,3,32,0,116,39,0,0
3214,3,3,33,0,0,61,0,0
3215,3,4,19,0,0,40,0,0
3216,1,4,14,0,0,34,0,0
3217,1,4,94,1,120,65,0,1
3218,1,2,154,0,325,40,0,0
3219,2,1,33,0,0,39,0,0
3220,3,2,28,0,135,61,0,0
3221,1,1,44,0,0,40,1,0
3222,3,2,81,0,0,49,0,0
3223,3,1,29,0,0,43,0,0
3224,3,3,58,0,0,45,1,0
3225,2,4,38,0,0,52,0,1
3226,1,3,82,0,0,32,0,1
3227,3,1,18,0,0,31,0,0
3228,2,2,45,0,0,27,0,1
3229,1,4,64,0,0,33,0,0
3230,1,3,48,0,0,65,0,1
3231,3,1,24,0,0,62,1,0
3232,3,4,65,0,0,55,0,0
3233,1,1,111,0,329,46,0,0
3234,2,3,114,0,0,37,0,0
3235,3,2,39,0,0,60,0,0
3236,3,1,19,0,0,44,0,1
3237,2,3,22,0,0,35,0,1
3238,2,4,49,0,0,52,0,0
3239,1,1,40,0,0,30,0,0
3240,1,1,63,0,118,62,0,0
3241,1,1,55,0,0,41,0,0
3242,2,1,33,0,0,38,0,0
3243,3,4,31,0,0,52,0,0
3244,1,4,24,0,0,48,0,0
3245,3,4,81,0,0,47,0,1
3246,2,1,81,0,223,41,0,0
3247,1,2,113,0,0,44,0,1
3248,1,2,92,0,0,31,0,0
3249,1,1,81,0,0,50,0,0
3250,3,3,101,0,0,36,1,1
3251,2,3,78,0,0,52,0,1
3252,3,2,78,0,0,62,0,0
3253,2,1,35,0,118,55,0,1
3254,3,2,9,0,0,61,0,0
3255,2,4,82,0,0,34,0,1
3256,3,1,41,0,0,34,0,0
3257,3,1,84,0,0,59,0,0
3258,2,4,42,0,185,41,1,0
3259,1,3,54,0,0,33,0,1
3260,3,2,84,0,0,55,0,0
3261,1,1,131,0,0,64,0,0
3262,3,2,85,0,0,44,0,0
3263,1,4,84,0,0,32,0,0
3264,3,4,114,0,0,67,0,0
3265,3,3,61,0,0,40,0,0
3266,3,1,39,0,0,57,0,1
3267,1,2,21,0,120,59,0,0
3268,3,4,111,1,0,43,0,0
3269,1,2,68,0,113,58,0,0
3270,2,4,179,1,0,50,0,0
3271,2,4,93,1,0,52,0,1
3272,1,2,85,0,0,35,0,0
3273,1,1,180,0,0,40,0,0
3274,3,2,110,0,0,31,0,0
3275,1,1,65,0,268,32,0,0
3276,3,1,159,1,0,55,0,0
3277,1,2,81,0,0,43,0,0
3278,1,1,132,0,0,31,0,0
3279,2,1,44,0,0,26,0,0
3280,1,1,98,0,0,58,0,0
3281,2,2,62,0,0,51,0,1
3282,1,1,91,0,0,45,0,0
3283,2,4,29,0,87,56,0,0
3284,3,4,101,0,0,25,0,1
3285,2,3,65,0,0,38,0,0
3286,2,1,58,0,0,62,0,1
3287,3,2,32,0,0,39,0,0
3288,1,4,140,1,292,56,0,0
3289,1,1,44,0,187,50,0,1
3290,3,1,113,0,0,52,0,0
3291,2,1,38,0,0,53,0,0
3292,1,4,13,0,0,25,1,0
3293,1,2,62,0,0,44,1,0
3294,3,3,29,0,0,42,0,0
3295,2,3,141,1,0,42,0,0
3296,2,1,132,1,0,63,0,0
3297,3,1,23,0,0,57,0,1
3298,1,2,11,0,89,56,0,0
3299,2,4,90,0,0,60,0,0
3300,2,1,43,0,0,62,0,0
3301,1,4,59,0,0,48,0,1
3302,3,2,28,0,0,37,0,0
3303,2,2,28,0,82,55,0,1
3304,1,3,108,0,383,42,0,0
3305,3,1,78,0,0,39,0,0
3306,1,1,65,0,0,47,0,0
3307,1,4,25,0,0,34,0,0
3308,3,2,108,0,0,48,0,1
3309,2,4,43,0,0,52,0,0
3310,2,4,95,0,0,53,0,1
3311,1,1,24,0,0,49,0,0
3312,1,2,190,0,0,47,0,0
3313,3,1,24,0,0,48,0,0
3314,1,4,41,0,0,38,0,0
3315,1,3,80,0,0,48,0,0
3316,3,3,63,0,0,56,0,0
3317,3,3,79,0,0,65,0,0
3318,1,4,105,1,0,46,0,0
3319,3,3,153,1,0,60,0,1
3320,1,1,114,0,0,50,0,1
3321,1,1,120,0,0,41,0,0
3322,3,1,104,0,0,41,0,1
3323,1,1,20,0,0,60,0,0
3324,1,1,41,0,0,57,1,0
3325,1,2,35,0,0,48,0,0
3326,2,1,174,1,0,53,0,0
3327,3,1,164,1,0,42,1,1
3328,1,1,22,0,0,45,0,0
3329,1,1,132,0,82,35,0,1
3330,3,4,32,0,0,34,0,0
3331,3,3,21,0,0,67,0,1
3332,2,2,49,0,0,36,0,1
3333,2,4,79,0,280,37,0,0
3334,3,2,30,0,86,40,0,0
3335,1,2,118,0,358,35,0,0
3336,3,4,11,0,0,60,0,0
3337,3,3,61,0,0,59,0,0
3338,2,4,43,0,0,35,1,0
3339,3,4,141,1,354,27,0,0
3340,3,4,54,0,0,29,0,0
3341,1,2,33,0,0,35,1,0
3342,3,3,84,0,121,38,0,1
3343,3,1,125,1,0,62,0,0
3344,1,1,110,0,0,43,0,1
3345,1,4,14,0,0,35,0,1
3346,1,2,65,0,0,41,0,1
3347,3,3,78,0,0,65,0,1
3348,3,3,18,0,0,61,0,0
3349,3,2,95,0,275,55,0,0
3350,2,2,95,0,0,28,0,0
3351,1,1,191,0,0,52,0,0
3352,3,1,19,0,83,34,0,0
3353,3,4,19,0,0,49,0,1
3354,3,1,39,0,0,42,0,0
3355,1,1,93,0,0,49,0,1
3356,3,3,115,1,0,49,0,0
3357,2,1,112,0,408,32,1,1
3358,1,4,40,0,0,59,0,0
3359,2,3,45,0,0,43,0,0
3360,1,1,133,0,0,48,0,0
3361,1,3,85,0,87,31,0,1
3362,2,2,18,0,0,30,0,0
3363,2,4,54,0,0,58,0,0
3364,2,2,41,0,105,41,0,0
3365,3,1,21,0,0,38,0,0
3366,1,1,152,0,0,33,0,1
3367,2,1,53,0,0,51,0,0
3368,2,3,163,1,0,45,0,1
3369,2,4,84,0,0,34,0,0
3370,3,3,59,0,199,39,1,0
3371,2,3,33,0,0,44,0,0
3372,1,4,81,0,209,55,0,0
3373,2,3,182,1,442,28,0,1
3374,3,1,61,0,0,57,0,0
3375,2,4,88,0,0,43,0,0
3376,1,2,170,0,0,46,0,0
3377,3,4,83,0,315,35,0,0
3378,2,4,44,0,0,25,0,1
3379,3,3,83,0,0,65,0,0
3380,2,1,21,0,76,64,0,1
3381,1,1,143,0,0,39,0,1
3382,1,2,103,0,0,62,1,0
3383,1,3,135,1,213,46,0,0
3384,1,1,162,0,153,36,1,0
3385,1,4,73,0,0,42,1,0
3386,3,4,142,1,0,35,0,0
3387,3,2,25,0,0,63,0,0
3388,1,2,115,0,85,45,0,0
3389,1,3,88,0,238,27,0,0
3390,3,3,73,0,0,29,0,0
3391,3,1,94,0,221,55,0,0
3392,1,1,58,0,0,32,0,0
3393,2,3,81,0,0,37,0,1
3394,3,4,113,0,0,25,0,0
3395,2,2,35,0,135,41,0,0
3396,1,1,65,0,0,52,0,1
3397,1,2,170,0,137,31,0,0
3398,2,2,62,0,0,40,0,1
3399,3,2,54,0,97,54,0,0
3400,2,1,39,0,0,48,0,0
3401,3,1,28,0,118,39,0,1
3402,3,2,95,0,0,64,0,1
3403,2,3,82,1,0,54,0,0
3404,3,1,21,0,101,39,0,0
3405,3,2,50,0,0,55,0,0
3406,3,3,34,0,0,42,0,1
3407,3,4,19,0,0,58,0,0
3408,1,4,71,0,0,45,0,0
3409,2,2,113,0,84,29,0,1
3410,3,4,9,0,0,36,0,0
3411,1,1,118,0,427,63,0,0
3412,1,4,79,0,0,55,0,0
3413,3,3,72,0,0,54,0,1
3414,1,1,18,0,0,61,0,0
3415,1,2,93,0,0,36,0,1
3416,2,1,62,0,244,61,0,0
3417,2,3,23,0,0,39,0,1
3418,3,3,40,0,0,57,0,1
3419,1,4,34,0,87,35,0,1
3420,3,1,114,0,0,66,0,1
3421,1,1,125,0,0,49,0,1
3422,3,1,41,0,0,48,0,1
3423,3,2,38,0,0,61,0,0
3424,2,4,45,0,0,44,0,1
3425,1,4,12,0,90,23,0,0
3426,3,2,115,0,189,31,0,0
3427,1,2,175,0,0,39,0,0
3428,3,1,24,0,0,45,0,0
3429,2,2,28,0,108,39,0,1
3430,1,2,32,0,0,64,0,1
3431,3,2,63,0,184,64,1,0
3432,1,1,32,0,0,47,0,1
3433,1,4,60,0,0,34,1,0
3434,3,2,53,0,78,56,0,0
3435,1,4,58,0,0,33,1,0
3436,2,4,42,0,0,56,0,0
3437,2,4,39,0,0,57,1,0
3438,1,1,72,0,271,43,0,0
3439,1,3,80,0,0,43,0,1
3440,2,4,39,0,0,26,0,1
3441,3,2,18,0,0,64,1,1
3442,3,1,30,0,0,43,0,0
3443,1,1,54,0,202,44,0,0
3444,1,1,128,0,0,60,0,0
3445,2,1,38,0,116,37,0,1
3446,1,1,120,0,186,56,0,0
3447,3,4,25,0,109,54,0,0
3448,3,4,85,0,110,43,0,1
3449,2,3,135,1,0,57,1,0
3450,3,4,14,0,0,29,0,1
3451,3,1,70,0,251,54,0,1
3452,2,3,23,0,0,61,0,0
3453,2,4,31,0,0,29,0,0
3454,1,1,132,0,0,47,0,0
3455,1,3,28,0,0,43,0,1
3456,3,2,125,1,0,46,0,0
3457,1,2,91,0,0,55,0,0
3458,1,2,191,0,231,48,0,1
3459,2,2,88,0,0,26,0,0
3460,3,4,84,0,0,63,0,1
3461,3,3,64,0,142,57,0,0
3462,2,2,28,0,146,58,1,0
3463,1,1,149,0,0,28,0,0
3464,1,4,172,1,0,61,0,1
3465,2,1,42,0,0,65,0,0
3466,2,2,53,0,96,33,0,1
3467,3,2,149,1,364,63,0,0
3468,2,2,113,0,0,43,0,1
3469,1,2,79,0,0,26,0,0
3470,1,2,175,0,429,57,0,1
3471,3,1,38,0,0,50,0,0
3472,2,4,120,1,431,54,0,0
3473,1,4,52,0,0,59,1,0
3474,2,2,42,0,0,49,0,0
3475,1,1,13,0,0,54,0,0
3476,1,2,141,0,0,65,1,0
3477,1,2,131,0,156,34,0,1
3478,3,1,133,1,0,31,0,0
3479,1,2,64,0,0,31,0,0
3480,1,2,49,0,0,64,1,0
3481,3,1,34,0,0,52,0,0
3482,1,1,91,0,81,57,1,0
3483,1,1,195,0,0,60,0,0
3484,2,3,53,0,112,45,0,0
3485,3,2,39,0,0,39,0,0
3486,1,4,20,0,0,25,0,1
3487,3,4,104,0,0,29,0,1
3488,2,2,51,0,131,40,0,0
3489,1,3,154,1,0,36,1,0
3490,1,1,38,0,115,33,0,0
3491,1,2,12,0,0,51,0,1
3492,3,1,28,0,0,35,0,1
3493,3,2,33,0,0,54,0,0
3494,2,4,31,0,0,29,0,0
3495,2,1,44,0,192,32,0,0
3496,3,4,49,0,192,37,0,0
3497,1,2,134,0,0,55,0,0
3498,3,4,182,1,94,30,0,0
3499,1,1,114,0,286,49,0,0
3500,2,1,90,0,0,51,0,1
3501,3,4,105,0,0,65,1,0
3502,1,3,58,0,90,32,0,0
3503,3,4,53,0,0,29,0,0
3504,3,4,15,0,0,46,1,0
3505,3,1,103,0,0,64,0,1
3506,2,4,58,0,154,27,0,1
3507,2,1,83,0,0,50,0,1
3508,3,1,125,1,0,33,0,0
3509,3,3,61,0,0,38,0,0
3510,2,3,69,0,0,38,0,0
3511,3,1,89,0,0,37,0,0
3512,1,4,70,0,0,46,0,1
3513,2,2,39,0,0,31,0,0
3514,2,4,41,0,0,35,0,0
3515,1,2,148,0,508,50,0,0
3516,2,3,38,0,148,45,0,0
3517,3,1,95,1,146,30,0,1
3518,1,2,129,0,0,60,0,0
3519,2,4,84,0,0,31,1,0
3520,2,3,29,0,0,60,0,0
3521,3,2,30,0,0,36,0,0
3522,3,2,90,0,134,64,0,0
3523,1,1,150,0,0,29,0,1
3524,2,4,15,0,0,58,0,0
3525,2,4,13,0,0,59,0,0
3526,3,2,9,0,0,58,0,0
3527,3,4,24,0,0,35,0,0
3528,2,3,41,0,0,43,0,0
3529,1,4,25,0,0,33,0,1
3530,2,4,49,0,0,54,1,0
3531,3,3,58,0,128,38,0,1
3532,1,2,141,0,0,38,0,1
3533,1,4,50,0,211,57,0,0
3534,1,3,61,0,0,34,0,1
3535,1,1,65,0,0,52,0,1
3536,1,1,112,0,229,50,0,0
3537,3,3,19,0,0,60,0,0
3538,2,1,23,0,0,26,0,0
3539,3,1,60,0,0,56,0,0
3540,1,4,30,0,0,39,1,1
3541,1,4,144,1,210,45,0,0
3542,3,4,118,1,0,30,0,0
3543,1,2,194,0,0,37,0,0
3544,1,3,109,0,0,45,0,0
3545,1,1,174,0,0,48,0,0
3546,3,1,34,0,119,65,0,1
3547,2,3,84,0,0,46,0,0
3548,2,1,41,0,0,40,0,1
3549,1,3,92,0,0,33,0,0
3550,3,1,19,0,116,40,0,0
3551,2,3,55,0,172,60,0,0
3552,2,4,22,0,0,51,0,1
3553,1,1,155,0,0,41,0,0
3554,3,4,72,0,0,37,1,0
3555,2,1,81,0,0,35,0,0
3556,1,1,30,0,0,35,1,1
3557,1,4,54,0,189,46,0,1
3558,1,3,60,0,0,60,0,0
3559,2,1,68,0,0,51,0,0
3560,2,4,65,0,126,31,0,0
3561,2,3,31,0,142,30,0,0
3562,3,1,169,1,272,32,1,0
3563,3,1,139,1,0,53,0,0
3564,3,1,29,0,0,33,0,0
3565,2,2,43,0,0,40,0,1
3566,1,2,80,0,0,57,0,1
3567,2,1,43,0,123,51,0,0
3568,1,2,194,0,0,30,0,1
3569,3,2,24,0,0,41,1,0
3570,3,2,32,0,0,54,0,1
3571,1,3,153,1,416,42,0,0
3572,3,1,30,0,0,30,0,1
3573,1,3,165,1,0,60,0,1
3574,2,3,64,0,0,56,0,1
3575,2,4,15,0,83,63,0,0
3576,2,3,70,0,0,56,0,0
3577,3,3,32,0,0,39,0,0
3578,2,2,128,1,209,29,0,0
3579,3,1,84,0,102,28,1,1
3580,3,2,62,0,0,41,0,1
3581,2,3,33,0,0,28,0,1
3582,1,1,65,0,0,49,0,0
3583,2,4,33,0,85,30,0,0
3584,2,1,15,0,115,63,0,0
3585,2,3,45,0,0,45,0,0
3586,1,2,132,0,0,40,0,0
3587,2,3,29,0,0,28,0,0
3588,2,1,65,0,0,62,0,0
3589,2,2,52,0,147,38,0,0
3590,1,2,64,0,0,32,0,1
3591,3,2,73,0,224,58,0,1
3592,3,1,20,0,0,33,0,0
3593,1,2,44,0,192,60,0,0
3594,1,1,79,0,0,34,0,0
3595,2,2,104,0,79,38,0,0
3596,1,1,88,0,0,44,0,0
3597,3,3,51,0,0,56,0,0
3598,2,3,61,0,0,37,0,0
3599,3,2,23,0,91,45,0,1
3600,3,2,38,0,95,44,0,0
3601,2,3,75,0,0,37,1,0
3602,1,4,42,0,0,47,0,1
3603,1,4,45,0,0,51,0,1
3604,2,3,59,0,0,63,0,0
3605,3,2,130,1,0,61,0,0
3606,3,2,9,0,96,43,0,1
3607,3,3,62,0,0,41,0,0
3608,1,1,202,0,553,59,0,0
3609,1,1,162,0,0,29,0,1
3610,1,3,93,0,79,32,0,0
3611,1,1,145,0,0,64,0,0
3612,1,1,99,1,368,50,1,1
3613,3,1,148,1,0,35,0,0
3614,2,3,154,1,0,34,0,0
3615,1,2,149,0,0,58,0,1
3616,3,1,69,0,78,41,0,0
3617,1,2,30,0,146,37,0,0
3618,2,2,48,0,0,35,0,0
3619,3,1,42,0,0,45,0,0
3620,1,2,132,0,403,53,0,0
3621,2,3,81,0,193,53,0,0
3622,2,4,60,0,0,54,0,1
3623,2,4,45,0,95,28,0,0
3624,3,1,70,0,0,58,0,0
3625,1,4,71,0,0,47,0,0
3626,3,4,28,0,0,24,0,0
3627,1,2,83,0,0,27,0,1
3628,1,1,131,0,0,42,0,1
3629,1,1,82,0,0,50,0,1
3630,3,1,79,0,225,41,0,0
3631,3,4,51,0,0,46,0,0
3632,1,2,111,0,0,46,0,1
3633,1,1,93,0,0,51,0,0
3634,3,4,73,0,0,59,0,0
3635,2,2,24,0,0,58,0,0
3636,2,3,64,0,0,37,0,0
3637,1,3,104,0,242,39,0,0
3638,3,4,38,0,0,47,0,0
3639,1,1,191,0,0,51,1,0
3640,3,4,53,0,0,64,0,1
3641,3,4,74,0,0,59,0,0
3642,3,4,21,0,0,55,1,0
3643,3,3,80,0,144,57,0,1
3644,1,4,41,0,174,59,0,0
3645,3,1,79,0,0,42,1,1
3646,2,3,141,1,260,34,0,0
3647,2,3,32,0,0,41,0,1
3648,3,3,38,0,0,43,0,0
3649,2,3,85,0,0,53,0,0
3650,3,2,93,0,107,47,0,0
3651,3,1,140,1,0,49,0,1
3652,2,4,69,0,0,35,0,1
3653,2,2,32,0,0,52,0,1
3654,1,4,61,0,177,53,0,0
3655,1,1,125,0,0,48,0,0
3656,2,4,30,0,0,35,1,0
3657,2,2,104,0,0,52,0,1
3658,1,1,24,0,0,60,0,0
3659,2,1,22,0,0,33,0,0
3660,2,2,59,0,0,38,0,0
3661,2,1,120,1,0,29,1,1
3662,1,2,164,0,500,35,0,0
3663,1,4,60,0,0,26,0,1
3664,2,3,43,0,0,48,0,0
3665,1,3,70,0,0,43,1,0
3666,1,2,51,0,0,60,0,0
3667,1,4,59,0,0,27,0,0
3668,3,4,129,1,75,38,0,0
3669,2,2,22,0,0,40,0,1
3670,2,4,29,0,0,38,0,0
3671,3,1,18,0,0,50,0,0
3672,3,3,65,0,0,38,0,0
3673,1,4,65,0,0,34,0,1
3674,1,1,38,0,0,42,1,0
3675,1,2,110,0,0,60,0,0
3676,2,1,22,0,111,62,0,0
3677,1,2,43,0,0,59,0,1
3678,1,4,30,0,0,49,0,0
3679,1,2,134,0,0,49,0,0
3680,1,3,32,0,0,36,0,0
3681,1,1,139,0,0,33,0,0
3682,1,2,45,0,0,43,0,0
3683,2,3,62,0,0,53,1,0
3684,2,4,51,0,103,57,0,0
3685,3,1,93,0,313,53,0,0
3686,1,1,122,0,0,60,0,0
3687,1,1,45,0,0,34,0,0
3688,1,1,179,0,0,51,1,0
3689,1,3,64,0,205,36,0,1
3690,1,2,41,0,0,63,0,0
3691,3,2,58,0,0,37,0,1
3692,1,4,64,0,0,57,0,0
3693,2,3,28,0,0,52,0,0
3694,3,1,21,0,0,38,0,0
3695,2,1,60,0,0,61,0,0
3696,1,2,78,0,0,31,0,1
3697,3,3,59,0,0,39,0,0
3698,3,3,59,0,0,38,1,1
3699,2,4,83,0,0,46,0,1
3700,1,1,128,0,0,48,1,0
3701,1,1,95,0,0,58,0,0
3702,3,4,160,1,410,50,0,0
3703,3,4,78,0,0,67,1,0
3704,2,2,184,1,0,36,0,0
3705,1,3,30,0,0,30,0,0
3706,3,2,51,0,123,58,0,0
3707,3,1,35,0,0,43,0,0
3708,3,4,74,0,0,31,0,0
3709,2,4,43,0,0,37,1,0
3710,2,2,23,0,0,49,0,1
3711,1,4,20,0,99,27,0,0
3712,1,1,112,0,0,50,0,0
3713,2,3,74,0,0,46,0,1
3714,3,2,65,0,232,49,0,1
3715,1,2,124,0,0,29,0,1
3716,1,3,65,0,0,55,0,0
3717,3,3,73,0,285,61,0,0
3718,3,2,8,0,0,45,0,1
3719,1,3,53,0,76,33,0,0
3720,3,3,131,1,229,63,0,0
3721,1,4,13,0,0,32,1,1
3722,1,1,60,0,98,42,0,0
3723,2,1,45,0,82,51,0,0
3724,3,2,39,0,119,44,0,0
3725,2,4,78,0,0,33,0,0
3726,3,3,43,0,0,39,0,0
3727,1,2,31,0,109,56,1,1
3728,2,3,118,1,161,28,0,0
3729,1,3,82,0,0,43,0,0
3730,1,3,112,0,0,30,0,0
3731,2,1,10,0,0,34,0,0
3732,3,2,18,0,95,26,0,0
3733,2,3,72,0,0,58,0,0
3734,3,4,72,0,0,43,0,0
3735,1,1,78,0,0,40,0,0
3736,2,3,78,0,0,54,0,0
3737,3,1,30,0,0,44,0,0
3738,1,3,45,0,0,54,0,1
3739,1,2,80,0,0,39,0,0
3740,1,1,174,0,0,59,0,1
3741,3,2,51,0,0,53,0,0
3742,1,1,181,0,0,32,0,1
3743,2,4,78,0,194,40,0,1
3744,3,3,79,0,0,54,0,0
3745,1,1,119,0,118,27,0,0
3746,2,4,49,0,109,63,1,1
3747,2,3,83,1,0,26,0,0
3748,2,1,100,0,126,33,0,0
3749,1,3,70,0,0,43,0,0
3750,2,3,52,0,0,57,0,0
3751,1,4,12,0,0,26,0,0
3752,3,4,82,0,219,55,0,1
3753,2,2,34,0,0,30,0,1
3754,3,4,112,0,0,63,0,1
3755,3,3,42,0,0,55,0,0
3756,1,2,83,0,0,35,0,0
3757,2,1,142,1,0,45,0,0
3758,1,2,199,0,0,47,0,0
3759,2,4,29,0,121,31,0,1
3760,3,3,70,0,273,56,0,1
3761,3,2,25,0,0,49,0,0
3762,1,2,84,0,0,53,0,0
3763,1,3,81,0,0,62,0,1
3764,1,2,15,0,0,63,0,0
3765,3,3,54,0,0,26,0,0
3766,2,4,108,1,304,59,0,0
3767,1,4,83,0,0,40,0,1
3768,3,1,62,0,170,42,0,1
3769,1,2,134,0,204,29,0,0
3770,1,3,75,0,79,40,0,0
3771,2,2,109,0,341,31,0,1
3772,1,2,152,0,0,35,0,0
3773,3,4,83,0,0,62,1,0
3774,3,4,52,0,0,51,0,0
3775,3,2,31,0,0,32,0,1
3776,3,3,135,1,449,27,0,1
3777,1,1,98,0,151,62,0,0
3778,2,4,14,0,0,66,0,0
3779,1,4,64,0,0,53,0,1
3780,1,2,109,0,0,49,0,0
3781,1,1,118,0,333,65,0,1
3782,2,4,80,0,0,30,1,0
3783,3,3,51,0,0,60,0,0
3784,2,4,115,1,0,30,0,0
3785,1,1,83,0,0,54,0,0
3786,1,1,90,0,0,54,0,0
3787,1,4,28,0,0,37,1,0
3788,1,2,82,0,221,32,0,1
3789,1,3,24,0,0,51,0,1
3790,1,2,71,0,0,46,0,1
3791,1,1,80,0,0,41,0,0
3792,3,4,109,0,0,62,0,0
3793,1,1,140,0,0,54,0,0
3794,2,4,39,0,0,52,1,0
3795,2,1,39,0,98,51,0,0
3796,2,3,50,0,0,24,1,0
3797,1,2,31,0,0,61,0,0
3798,3,3,35,0,144,55,0,1
3799,1,4,44,0,0,37,0,1
3800,3,1,35,0,0,64,0,0
3801,1,2,20,0,106,34,0,1
3802,2,4,10,0,0,31,0,0
3803,3,4,83,0,0,42,0,0
3804,1,2,203,0,0,47,0,0
3805,1,3,84,0,0,29,0,0
3806,1,4,41,0,0,34,0,0
3807,1,2,164,0,0,36,0,1
3808,1,2,152,0,0,34,0,0
3809,1,4,62,0,0,26,1,0
3810,1,4,12,0,89,48,0,0
3811,1,4,28,0,0,47,0,0
3812,1,1,52,0,0,39,0,1
3813,2,3,19,0,97,62,0,0
3814,1,3,35,0,0,34,0,0
3815,1,4,28,0,96,43,0,0
3816,2,3,70,0,0,55,0,1
3817,1,1,140,0,0,65,0,0
3818,3,4,102,0,0,26,0,0
3819,3,4,50,0,0,57,0,0
3820,1,3,61,0,205,32,0,1
3821,2,2,188,1,259,35,0,0
3822,3,4,178,1,0,63,0,0
3823,2,4,44,0,194,49,0,0
3824,1,4,12,0,0,23,1,1
3825,1,4,69,0,188,30,0,1
3826,1,1,132,0,0,43,0,0
3827,1,2,128,0,196,39,0,0
3828,1,4,44,0,122,31,0,0
3829,3,1,44,0,0,65,0,1
3830,3,2,34,0,0,34,1,0
3831,1,2,132,0,0,37,0,0
3832,1,2,158,0,0,62,0,1
3833,1,1,83,0,0,33,0,0
3834,3,1,28,0,75,48,0,0
3835,3,3,131,1,0,33,1,0
3836,2,3,31,0,0,45,0,1
3837,2,4,40,0,0,44,0,0
3838,1,2,71,0,127,37,1,0
3839,3,2,42,0,0,31,0,0
3840,2,3,35,0,114,56,0,0
3841,1,2,81,0,0,30,0,0
3842,1,2,91,0,0,61,0,0
3843,2,4,129,1,0,32,0,1
3844,1,1,75,0,0,51,0,0
3845,2,4,54,0,230,26,0,0
3846,1,1,43,0,0,31,0,0
3847,2,4,94,0,0,43,0,0
3848,3,4,84,0,0,57,0,1
3849,2,1,34,0,0,42,1,0
3850,1,4,15,0,0,48,0,0
3851,3,2,99,0,194,46,0,0
3852,2,1,15,0,82,33,1,1
3853,3,4,83,0,0,45,0,0
3854,3,4,83,0,0,31,0,0
3855,1,1,143,0,0,42,1,0
3856,3,4,81,0,0,56,0,0
3857,2,1,39,0,0,63,0,0
3858,2,2,158,1,277,42,0,1
3859,3,1,62,0,0,50,0,0
3860,1,2,64,0,0,31,0,1
3861,2,1,29,0,0,65,0,0
3862,1,3,64,0,0,60,0,0
3863,2,4,21,0,0,34,0,0
3864,3,2,142,1,0,62,0,1
3865,1,3,64,0,0,56,0,0
3866,1,4,40,0,0,51,1,1
3867,2,3,61,0,0,44,0,0
3868,3,1,44,0,0,41,0,0
3869,2,3,78,0,161,43,0,1
3870,3,2,25,0,0,25,0,0
3871,1,2,125,0,0,40,0,1
3872,3,2,63,0,0,53,0,0
3873,3,1,54,0,185,54,0,0
3874,1,2,92,0,184,36,0,0
3875,1,2,119,0,381,26,0,1
3876,2,1,40,0,0,35,0,0
3877,1,1,41,0,0,29,0,0
3878,1,2,81,0,0,35,0,1
3879,1,3,101,0,270,28,0,0
3880,2,4,25,0,0,48,0,0
3881,2,1,55,0,0,46,1,0
3882,3,1,43,0,166,31,0,1
3883,2,2,98,0,98,40,0,0
3884,3,4,112,0,402,27,0,1
3885,3,4,69,0,102,32,0,0
3886,2,4,79,0,215,67,0,1
3887,1,2,118,0,0,24,1,0
3888,2,3,81,0,251,45,0,1
3889,2,1,19,0,121,26,0,0
3890,3,2,139,1,0,42,0,0
3891,2,3,63,0,0,65,0,0
3892,1,2,102,0,0,59,0,0
3893,2,4,40,0,0,30,0,0
3894,1,1,44,0,81,32,0,1
3895,1,3,59,0,216,36,0,0
3896,1,2,224,0,0,48,0,1
3897,3,2,64,0,0,56,0,0
3898,1,2,129,0,0,44,0,0
3899,1,1,43,0,0,60,0,1
3900,1,3,12,0,0,51,1,1
3901,2,3,53,0,0,34,0,0
3902,3,2,39,0,0,45,0,1
3903,1,1,65,0,0,47,0,0
3904,3,1,18,0,94,29,0,1
3905,3,1,55,0,0,52,0,0
3906,3,1,60,0,0,61,0,0
3907,1,2,42,0,187,40,0,0
3908,2,3,44,0,0,24,0,0
3909,1,2,111,0,0,33,0,0
3910,1,1,62,0,0,33,0,0
3911,3,2,44,0,148,52,0,1
3912,3,1,69,0,0,40,0,0
3913,3,3,62,0,172,45,0,0
3914,2,1,35,0,0,27,0,0
3915,1,1,91,0,0,38,0,1
3916,1,1,12,0,96,50,0,0
3917,1,3,89,0,292,41,0,0
3918,2,4,65,0,0,60,1,0
3919,3,2,179,1,400,64,0,0
3920,3,2,82,0,0,34,1,1
3921,1,1,48,0,0,30,0,0
3922,2,4,20,0,0,31,0,0
3923,3,1,91,0,330,41,1,0
3924,1,2,122,0,0,61,0,0
3925,3,1,22,0,0,42,0,0
3926,1,2,43,0,0,48,0,0
3927,1,4,38,0,0,59,0,1
3928,1,3,61,0,0,57,0,0
3929,2,4,33,0,0,37,0,0
3930,1,1,145,0,345,53,0,0
3931,1,1,170,0,0,53,0,0
3932,2,3,55,0,0,26,0,0
3933,3,1,40,0,0,39,0,0
3934,1,2,68,0,126,35,0,1
3935,1,3,53,0,0,59,0,0
3936,3,3,63,0,0,43,1,0
3937,1,2,123,0,92,39,0,1
3938,1,2,13,0,0,49,0,0
3939,1,4,12,0,102,47,0,1
3940,1,2,53,0,102,41,0,0
3941,2,1,79,0,294,57,0,1
3942,2,1,89,0,170,42,0,0
3943,2,1,188,1,0,61,0,0
3944,3,3,62,0,0,56,0,0
3945,3,3,123,1,428,29,0,0
3946,2,3,40,0,0,25,0,0
3947,3,4,119,1,0,32,0,0
3948,2,4,123,1,253,37,0,1
3949,2,1,23,0,0,31,0,1
3950,3,1,62,0,255,38,0,0
3951,1,3,69,0,106,40,0,0
3952,1,2,124,0,0,61,1,1
3953,3,4,52,0,0,50,0,0
3954,1,2,134,0,0,32,0,0
3955,2,1,58,0,0,62,0,0
3956,2,3,45,0,200,62,0,1
3957,2,4,75,0,0,40,0,0
3958,2,4,23,0,78,59,0,0
3959,1,3,123,1,0,43,0,0
3960,1,3,48,0,0,62,0,0
3961,1,1,145,0,140,48,0,0
3962,3,1,31,0,0,29,0,0
3963,3,3,38,0,0,58,0,0
3964,3,4,78,0,0,43,0,0
3965,1,2,94,0,0,39,0,0
3966,3,1,84,0,0,33,0,0
3967,3,1,22,0,0,40,0,0
3968,1,4,78,0,0,28,0,1
3969,2,3,75,0,0,38,0,0
3970,1,3,71,0,0,65,0,1
3971,3,1,24,0,0,35,0,1
3972,1,2,112,0,0,29,0,1
3973,2,1,53,0,167,61,0,0
3974,3,1,41,0,0,46,0,0
3975,2,1,25,0,0,50,0,0
3976,2,4,42,0,194,60,0,0
3977,2,3,51,0,113,54,1,1
3978,2,2,19,0,0,43,0,0
3979,1,2,90,0,258,38,1,1
3980,2,4,89,0,0,46,0,0
3981,1,3,22,0,0,64,1,1
3982,1,1,119,0,0,24,0,0
3983,3,4,93,1,0,39,0,0
3984,1,4,18,0,0,34,0,0
3985,3,1,32,0,120,65,0,0
3986,3,3,182,1,0,38,0,1
3987,3,2,19,0,0,62,0,1
3988,3,1,85,1,0,59,0,1
3989,2,4,90,0,0,49,1,0
3990,1,2,59,0,134,57,0,0
3991,1,1,84,0,0,64,0,0
3992,2,2,95,1,0,47,0,0
3993,3,3,13,0,0,30,0,0
3994,1,4,88,0,0,42,0,1
3995,3,2,34,0,0,53,0,1
3996,3,4,11,0,0,50,0,1
3997,2,4,80,0,0,62,0,0
3998,1,1,41,0,0,34,0,1
3999,3,2,90,0,0,47,0,0
4000,3,3,93,1,0,62,0,1
4001,2,4,81,0,0,61,0,0
4002,1,2,60,0,0,59,0,0
4003,2,3,39,0,0,47,0,1
4004,2,3,22,0,0,65,0,0
4005,1,2,32,0,79,56,1,0
4006,3,1,28,0,0,56,0,0
4007,2,2,35,0,0,31,0,1
4008,3,3,154,1,351,61,0,1
4009,1,2,189,0,0,42,0,0
4010,3,4,40,0,84,44,0,0
4011,2,2,88,0,0,47,0,0
4012,1,2,124,0,0,30,0,0
4013,3,2,23,0,0,62,0,0
4014,1,4,23,0,0,56,0,1
4015,1,2,139,0,0,25,0,1
4016,1,4,173,1,427,53,0,0
4017,3,4,42,0,153,26,0,0
4018,1,1,161,0,160,59,0,1
4019,2,3,28,0,0,62,0,0
4020,3,4,191,1,194,58,0,1
4021,1,2,42,0,106,40,0,1
4022,3,4,81,0,0,35,0,0
4023,1,3,175,1,312,51,0,0
4024,1,3,82,0,0,41,0,0
4025,3,1,53,0,0,51,0,1
4026,1,3,142,1,0,27,0,0
4027,3,4,42,0,0,46,0,0
4028,1,4,64,0,189,46,0,0
4029,1,2,90,0,0,31,1,0
4030,2,1,44,0,0,58,0,0
4031,3,1,29,0,0,42,0,0
4032,1,2,93,0,0,59,0,1
4033,3,3,69,0,132,54,0,0
4034,2,2,82,0,0,35,0,1
4035,3,2,180,1,0,34,0,0
4036,3,2,13,0,0,46,0,0
4037,1,1,72,0,178,52,0,0
4038,1,3,54,0,0,55,0,0
4039,1,1,104,0,0,34,0,1
4040,2,2,44,0,157,57,0,0
4041,1,1,40,0,0,45,1,1
4042,1,2,190,0,246,29,0,1
4043,1,4,64,0,0,49,0,1
4044,2,2,9,0,99,36,1,0
4045,2,4,38,0,0,57,0,0
4046,3,3,72,0,0,25,0,0
4047,1,1,82,0,79,43,0,0
4048,3,2,48,0,119,27,1,0
4049,3,4,82,0,294,54,0,0
4050,2,2,14,0,83,53,0,0
4051,1,1,162,0,0,55,0,1
4052,1,2,54,0,0,43,0,0
4053,1,2,90,0,0,35,0,0
4054,1,4,64,0,0,59,0,0
4055,3,3,65,0,0,42,0,1
4056,1,2,113,0,0,51,0,0
4057,3,2,38,0,0,57,0,0
4058,3,1,65,0,0,39,0,0
4059,3,4,39,0,0,53,0,0
4060,1,2,174,0,0,31,0,1
4061,3,2,59,0,0,33,0,0
4062,1,2,43,0,0,38,0,0
4063,3,2,24,0,0,47,0,1
4064,2,1,50,0,166,63,0,0
4065,3,1,68,0,0,44,0,0
4066,3,3,61,0,0,61,0,0
4067,2,4,21,0,0,52,0,0
4068,2,2,21,0,0,59,0,0
4069,1,4,31,0,0,56,0,0
4070,1,4,70,0,0,58,1,0
4071,2,3,25,0,135,30,0,1
4072,3,1,78,0,0,42,0,0
4073,1,1,19,0,0,51,0,0
4074,3,1,23,0,0,60,0,0
4075,1,4,40,0,0,30,0,0
4076,3,1,22,0,0,49,0,0
4077,2,4,71,0,0,26,1,0
4078,2,1,58,0,0,36,0,0
4079,1,3,75,0,0,65,0,0
4080,2,1,40,0,110,27,0,1
4081,3,1,155,1,0,60,0,1
4082,2,4,83,0,0,32,0,0
4083,1,3,99,0,0,46,0,0
4084,2,1,59,0,0,60,1,0
4085,2,3,53,0,0,28,0,0
4086,1,4,11,0,0,50,1,0
4087,3,4,179,1,0,52,0,0
4088,3,2,71,0,0,29,0,0
4089,3,4,85,0,0,30,0,0
4090,3,3,49,0,0,42,1,0
4091,1,2,122,0,0,32,0,1
4092,1,2,171,0,0,40,0,0
4093,2,2,138,1,0,49,0,0
4094,3,4,8,0,0,53,1,0
4095,1,4,59,0,0,42,0,0
4096,1,3,49,0,0,38,0,0
4097,1,2,92,0,0,60,0,0
4098,1,4,75,0,0,27,0,0
4099,2,1,60,0,0,61,0,1
4100,2,2,41,0,0,27,0,0
4101,2,3,40,0,0,45,0,1
4102,1,2,81,0,146,41,0,1
4103,3,1,52,0,196,44,0,1
4104,1,4,25,0,0,38,0,0
4105,1,1,139,0,353,39,0,0
4106,2,1,54,0,0,48,0,0
4107,1,1,81,0,0,47,0,1
4108,1,3,73,0,0,64,1,1
4109,3,4,30,0,0,27,0,1
4110,1,3,59,0,0,66,0,0
4111,1,3,21,0,0,43,0,0
4112,2,3,65,0,104,34,0,0
4113,2,3,41,0,161,28,0,0
4114,3,4,52,0,121,52,0,0
4115,2,4,84,0,180,45,0,0
4116,1,2,135,0,0,24,0,0
4117,3,4,18,0,0,39,1,0
4118,1,1,34,0,0,40,0,1
4119,3,4,85,0,0,30,0,0
4120,3,1,23,0,0,49,0,0
4121,2,4,65,0,0,53,0,1
4122,1,1,195,0,0,56,0,0
4123,1,4,40,0,89,50,0,0
4124,3,2,141,1,0,53,0,0
4125,2,2,95,0,322,60,0,1
4126,2,3,23,0,131,58,0,0
4127,2,2,82,0,0,43,0,1
4128,3,4,53,0,0,46,0,0
4129,1,4,10,0,87,29,0,1
4130,2,1,75,0,125,56,0,0
4131,2,4,23,0,122,48,0,0
4132,1,1,133,0,0,61,0,0
4133,1,1,129,0,0,41,0,1
4134,2,4,85,0,131,35,0,0
4135,1,2,168,0,308,48,0,0
4136,3,4,83,0,0,43,0,0
4137,2,2,52,0,0,37,0,0
4138,1,1,114,0,0,47,1,1
4139,3,1,81,0,0,29,0,0
4140,2,1,32,0,0,63,0,0
4141,3,3,63,0,0,43,0,0
4142,3,3,70,0,0,57,0,0
4143,1,2,20,0,0,55,0,0
4144,1,2,138,0,0,47,0,1
4145,2,4,63,0,0,58,0,0
4146,3,1,85,0,118,53,0,0
4147,2,2,180,1,0,59,1,1
4148,3,4,80,0,0,46,0,0
4149,3,1,53,0,0,41,0,0
4150,2,2,72,0,75,46,0,0
4151,1,3,123,1,0,44,0,1
4152,3,2,91,0,0,44,0,0
4153,1,2,148,0,0,50,0,0
4154,3,2,163,1,0,51,0,0
4155,3,4,28,0,149,55,0,1
4156,1,1,193,0,0,37,0,0
4157,3,3,22,0,0,34,0,0
4158,1,4,74,0,0,59,0,1
4159,3,4,70,0,0,45,0,1
4160,2,1,11,0,0,30,0,1
4161,2,3,61,0,0,32,0,0
4162,1,1,41,0,0,61,0,1
4163,2,4,108,1,0,54,0,0
4164,3,4,23,0,0,35,0,1
4165,3,2,135,1,183,63,0,0
4166,3,2,30,0,86,66,0,0
4167,2,4,144,1,0,48,0,0
4168,1,4,139,1,0,60,0,0
4169,3,2,143,1,209,41,0,0
4170,1,1,44,0,0,31,0,1
4171,2,4,49,0,0,58,0,0
4172,2,4,75,0,182,67,0,0
4173,1,2,43,0,0,35,0,0
4174,3,3,59,0,0,40,0,0
4175,1,3,154,1,0,42,0,1
4176,3,1,75,0,0,44,0,1
4177,2,1,75,0,0,47,0,1
4178,1,2,88,0,278,59,0,0
4179,3,1,91,1,0,29,0,0
4180,3,1,11,0,0,36,1,1
4181,3,1,22,0,0,47,0,0
4182,3,2,49,0,220,55,0,1
4183,1,1,140,0,342,41,0,0
4184,2,2,99,0,0,51,0,0
4185,1,2,82,0,199,26,0,0
4186,1,4,10,0,81,33,0,1
4187,2,4,109,0,103,30,0,1
4188,3,4,45,0,0,30,0,0
4189,2,2,93,0,0,45,0,0
4190,2,3,89,1,216,40,1,0
4191,2,3,39,0,132,42,0,0
4192,1,1,21,0,89,50,0,0
4193,1,3,31,0,0,62,0,0
4194,3,1,31,0,0,63,0,0
4195,2,4,52,0,0,43,0,0
4196,3,1,13,0,0,49,0,0
4197,3,2,21,0,76,51,1,0
4198,1,4,50,0,189,61,0,0
4199,3,4,81,0,0,43,0,1
4200,1,4,74,0,0,43,0,1
4201,1,3,89,0,0,61,0,0
4202,2,3,82,0,0,35,0,0
4203,2,4,88,0,0,59,0,0
4204,3,3,61,0,0,40,0,0
4205,1,2,139,0,0,61,0,0
4206,2,1,29,0,0,48,0,0
4207,1,3,51,0,0,37,0,1
4208,3,1,58,0,241,56,0,0
4209,3,2,21,0,125,35,0,0
4210,2,2,43,0,0,35,0,0
4211,2,2,104,0,0,40,0,0
4212,2,1,9,0,98,50,0,0
4213,2,3,39,0,0,49,0,0
4214,1,1,89,0,0,46,1,1
4215,3,2,21,0,0,64,0,0
4216,3,3,173,1,0,60,0,0
4217,3,1,29,0,105,45,0,1
4218,2,4,43,0,0,52,0,1
4219,2,3,30,0,0,58,0,0
4220,3,4,39,0,0,54,1,0
4221,3,2,83,0,248,48,0,0
4222,2,3,58,0,223,51,0,0
4223,2,1,8,0,0,53,0,1
4224,3,3,39,0,0,57,1,1
4225,1,2,204,0,0,43,0,0
4226,1,1,45,0,0,37,0,0
4227,1,1,111,0,0,32,1,0
4228,2,2,83,0,148,34,0,0
4229,3,1,83,0,0,54,0,0
4230,1,2,115,0,202,62,0,1
4231,3,1,60,0,227,56,0,0
4232,1,1,53,0,0,39,0,0
4233,1,2,134,0,0,32,0,0
4234,3,1,91,0,0,50,0,0
4235,1,2,91,0,0,27,0,0
4236,1,2,128,0,0,37,0,1
4237,1,3,78,0,0,60,1,0
4238,1,2,161,0,464,43,0,0
4239,3,3,60,0,0,62,0,0
4240,1,1,161,0,509,39,1,0
4241,2,4,40,0,0,34,0,1
4242,2,1,68,0,0,46,0,0
4243,1,3,74,0,0,46,0,0
4244,2,3,55,0,93,51,0,0
4245,1,1,145,0,0,44,0,1
4246,2,1,24,0,0,60,0,0
4247,2,1,10,0,0,65,0,0
4248,1,2,138,0,0,58,1,0
4249,3,4,63,0,0,37,0,0
4250,3,4,54,0,0,52,0,1
4251,3,3,62,0,0,42,0,0
4252,3,1,81,0,0,54,0,0
4253,2,3,61,0,0,54,0,1
4254,3,1,68,0,0,51,0,0
4255,1,2,78,0,0,59,0,0
4256,1,2,165,0,157,41,0,0
4257,2,3,48,0,0,43,0,1
4258,2,3,155,1,0,52,0,0
4259,3,2,158,1,251,52,0,1
4260,1,1,52,0,0,57,0,0
4261,1,4,18,0,0,53,0,0
4262,1,4,42,0,0,58,0,0
4263,3,2,18,0,0,59,0,0
4264,1,2,40,0,0,57,1,1
4265,2,4,44,0,0,27,1,0
4266,1,1,11,0,87,42,0,1
4267,2,2,194,1,0,52,0,0
4268,2,2,108,0,0,49,0,0
4269,2,4,12,0,0,47,0,0
4270,1,3,19,0,94,45,0,1
4271,1,1,150,0,0,25,0,0
4272,3,4,89,0,0,47,0,0
4273,3,2,83,0,0,44,1,1
4274,2,4,79,0,0,30,0,0
4275,2,4,102,0,0,63,0,0
4276,1,1,155,0,0,50,0,1
4277,1,1,138,0,0,40,0,0
4278,1,3,51,0,0,56,0,1
4279,2,2,80,0,86,39,0,1
4280,1,2,135,0,0,42,1,1
4281,2,4,34,0,162,28,0,1
4282,3,3,195,1,0,26,1,0
4283,3,3,62,0,217,58,0,1
4284,1,2,173,0,243,38,0,0
4285,1,2,149,0,0,23,0,0
4286,1,1,20,0,131,53,0,1
4287,1,4,42,0,0,54,0,1
4288,3,1,28,0,0,42,0,1
4289,2,1,95,0,0,54,0,0
4290,3,2,95,0,0,66,0,0
4291,1,1,34,0,124,46,0,0
4292,3,2,191,1,205,63,0,0
4293,1,2,41,0,173,63,0,1
4294,1,1,150,0,481,58,0,0
4295,3,2,91,0,146,65,0,0
4296,2,4,84,0,0,35,0,0
4297,1,4,73,0,140,33,0,0
4298,1,1,122,0,0,43,0,0
4299,2,1,73,0,133,30,0,0
4300,3,2,20,0,0,61,0,0
4301,1,4,130,1,281,49,0,0
4302,3,3,85,1,0,52,0,0
4303,1,2,134,0,0,45,0,1
4304,2,3,98,0,80,64,0,0
4305,3,2,54,0,0,26,1,0
4306,1,3,41,0,0,35,0,0
4307,3,4,128,1,0,45,0,0
4308,1,3,132,1,308,44,0,0
4309,3,1,188,1,0,34,0,0
4310,2,4,170,1,0,65,0,1
4311,3,3,14,0,111,32,0,0
4312,3,1,93,0,0,41,0,0
4313,2,1,79,0,0,52,0,1
4314,2,4,79,0,0,35,0,0
4315,3,4,62,0,119,51,0,0
4316,1,2,95,0,0,30,1,0
4317,3,4,60,0,0,58,0,0
4318,2,1,75,0,0,49,0,1
4319,2,4,85,0,0,63,0,1
4320,1,1,143,0,0,40,0,0
4321,2,1,34,0,112,27,0,1
4322,1,2,44,0,0,38,0,0
4323,2,4,31,0,151,52,1,0
4324,1,4,13,0,111,49,0,0
4325,1,4,52,0,0,59,0,1
4326,3,1,42,0,102,32,0,0
4327,3,4,102,0,139,30,0,1
4328,3,2,143,1,0,64,1,0
4329,3,4,10,0,0,59,0,0
4330,3,1,44,0,0,62,0,0
4331,1,2,158,0,306,61,1,1
4332,2,2,12,0,0,53,0,1
4333,1,1,59,0,139,51,0,0
4334,2,1,92,0,0,55,0,0
4335,1,2,82,0,0,36,0,1
4336,2,4,44,0,0,44,0,0
4337,2,2,182,1,0,26,0,0
4338,1,2,121,0,0,54,0,0
4339,1,1,38,0,0,35,0,1
4340,1,2,92,0,0,34,1,1
4341,3,2,53,0,0,28,0,0
4342,1,3,45,0,83,32,1,0
4343,2,1,63,0,0,38,1,0
4344,1,1,181,0,0,53,0,0
4345,3,2,184,1,577,26,0,1
4346,1,3,33,0,136,45,0,1
4347,1,3,22,0,0,58,0,0
4348,1,2,99,0,0,59,0,0
4349,2,3,44,0,193,45,0,0
4350,2,4,101,0,0,64,0,1
4351,2,1,32,0,0,30,0,1
4352,1,4,59,0,0,40,0,0
4353,2,2,25,0,0,61,0,1
4354,1,3,140,1,0,40,0,0
4355,3,1,29,0,0,40,0,0
4356,1,1,35,0,0,43,0,0
4357,1,4,141,1,0,39,1,1
4358,3,4,75,0,79,35,0,0
4359,1,2,58,0,0,38,0,0
4360,1,2,41,0,0,67,0,0
4361,2,2,42,0,196,55,0,1
4362,2,3,55,0,0,28,0,0
4363,2,4,18,0,84,30,0,0
4364,3,4,75,0,0,59,1,0
4365,1,2,85,0,0,26,0,0
4366,2,4,43,0,0,52,0,0
4367,1,2,149,0,319,40,0,1
4368,2,2,25,0,0,31,1,1
4369,2,4,19,0,103,50,0,1
4370,3,1,18,0,0,27,0,0
4371,2,4,13,0,0,64,0,0
4372,2,1,41,0,0,34,0,0
4373,1,1,139,0,0,30,0,0
4374,1,3,62,0,131,39,0,1
4375,1,3,51,0,130,34,0,0
4376,1,3,71,0,272,40,0,0
4377,3,1,145,1,0,33,0,0
4378,2,4,45,0,138,38,0,0
4379,3,4,53,0,0,42,0,0
4380,3,1,64,0,0,37,0,0
4381,1,4,39,0,0,33,0,0
4382,3,3,38,0,0,60,1,0
4383,1,3,85,0,0,28,0,0
4384,2,3,61,0,0,45,0,1
4385,3,1,23,0,127,56,0,1
4386,1,1,122,0,330,53,0,0
4387,3,4,72,0,0,37,0,0
4388,1,1,123,0,0,47,0,0
4389,1,1,40,0,0,58,1,1
4390,2,4,62,0,0,52,0,0
4391,1,2,113,0,0,46,0,1
4392,2,4,81,0,0,52,0,0
4393,1,4,59,0,0,24,0,0
4394,2,2,25,0,103,57,0,0
4395,2,4,25,0,0,66,0,1
4396,3,4,14,0,0,30,0,0
4397,1,1,19,0,0,48,0,0
4398,3,1,61,0,0,63,0,0
4399,1,1,21,0,0,48,0,0
4400,1,1,44,0,0,34,0,0
4401,1,3,42,0,0,60,0,1
4402,3,1,52,0,207,55,1,0
4403,1,1,112,0,0,50,0,0
4404,3,1,34,0,0,29,0,0
4405,3,2,83,0,245,61,0,0
4406,2,4,24,0,137,50,0,0
4407,2,2,71,0,0,37,0,1
4408,2,2,181,1,0,64,0,1
4409,3,4,75,0,102,43,0,0
4410,1,2,153,0,0,39,0,0
4411,2,2,75,0,0,23,0,1
4412,2,4,19,0,0,34,0,0
4413,2,4,31,0,0,29,0,1
4414,1,3,178,1,0,33,1,0
4415,1,2,65,0,220,60,0,1
4416,1,1,8,0,97,49,0,0
4417,1,2,92,0,0,54,0,0
4418,1,4,145,1,198,59,0,0
4419,3,1,85,0,272,42,0,0
4420,1,1,149,0,0,62,0,0
4421,2,4,9,0,100,63,0,1
4422,3,2,164,1,422,57,0,1
4423,2,3,40,0,100,61,1,0
4424,3,1,54,0,0,35,0,1
4425,3,2,164,1,301,26,0,0
4426,1,1,140,0,0,33,0,0
4427,3,1,18,0,0,31,0,0
4428,1,4,12,0,0,51,1,0
4429,1,2,140,0,0,55,0,0
4430,3,2,24,0,0,38,0,1
4431,1,2,60,0,0,38,0,0
4432,3,2,50,0,0,53,0,0
4433,2,1,44,0,0,62,0,1
4434,2,4,51,0,110,35,0,0
4435,1,2,34,0,116,46,0,0
4436,2,2,33,0,0,60,0,0
4437,1,2,63,0,0,63,0,0
4438,3,2,22,0,0,43,0,0
4439,3,2,104,1,0,33,0,1
4440,3,3,75,0,0,43,0,0
4441,3,2,75,0,0,62,0,0
4442,3,4,62,0,83,48,0,1
4443,1,1,48,0,169,38,0,0
4444,1,2,73,0,0,36,0,1
4445,1,2,135,0,82,49,0,1
4446,3,3,61,0,117,61,0,1
4447,2,3,78,0,0,49,0,0
4448,3,3,40,0,0,59,0,0
4449,3,1,44,0,0,30,0,1
4450,1,2,45,0,0,44,0,0
4451,1,2,18,0,0,67,0,0
4452,3,4,53,0,174,59,0,0
4453,2,3,11,0,0,37,0,0
4454,2,3,38,0,0,50,0,0
4455,2,1,28,0,0,56,1,1
4456,1,2,35,0,88,29,0,1
4457,2,3,81,0,171,55,0,0
4458,3,2,90,0,205,48,0,0
4459,1,1,115,0,0,32,0,0
4460,2,1,78,0,0,47,0,0
4461,3,4,30,0,0,46,0,0
4462,1,4,39,0,0,33,0,1
4463,1,3,69,0,0,39,0,0
4464,1,3,29,0,79,60,0,1
4465,2,4,54,0,0,39,0,1
4466,1,3,60,0,0,34,0,1
4467,3,1,99,0,0,55,0,0
4468,1,3,51,0,0,67,0,1
4469,3,3,53,0,0,40,1,1
4470,2,2,111,1,0,44,0,0
4471,1,3,79,0,302,56,0,0
4472,2,1,90,0,0,50,0,0
4473,1,2,18,0,124,31,0,1
4474,1,3,73,0,0,66,0,0
4475,3,3,59,0,91,43,0,0
4476,1,2,40,0,0,58,0,0
4477,2,1,41,0,0,33,0,1
4478,3,1,53,0,0,33,0,0
4479,1,2,128,0,0,32,0,0
4480,3,2,145,1,0,55,0,0
4481,3,4,35,0,0,25,0,0
4482,3,2,28,0,0,40,0,0
4483,1,1,155,0,256,54,0,1
4484,1,2,195,0,0,36,0,1
4485,2,4,50,0,0,35,0,0
4486,3,3,48,0,0,44,0,1
4487,2,1,81,0,0,38,0,1
4488,1,1,50,0,0,30,0,0
4489,2,3,21,0,0,39,0,0
4490,1,2,142,0,0,35,1,0
4491,1,4,64,0,0,41,0,0
4492,3,1,91,0,0,56,0,1
4493,2,1,74,0,0,52,0,1
4494,3,1,182,1,0,29,0,0
4495,1,4,82,0,0,38,0,0
4496,1,4,45,0,0,51,0,0
4497,1,2,85,0,0,45,1,0
4498,1,1,133,0,328,51,0,0
4499,2,1,22,0,0,53,0,1
4500,2,4,24,0,0,50,0,1
4501,3,3,38,0,178,59,1,1
4502,3,2,80,0,0,57,0,0
4503,1,3,33,0,108,45,0,0
4504,3,4,41,0,147,27,0,0
4505,2,4,90,0,0,40,1,0
4506,3,1,89,0,153,39,0,1
4507,3,2,8,0,0,26,0,1
4508,1,1,85,0,0,27,0,1
4509,1,3,53,0,0,55,0,0
4510,3,3,20,0,0,64,0,0
4511,1,1,9,0,0,41,0,1
4512,1,4,25,0,0,46,0,1
4513,1,1,114,0,0,43,0,0
4514,3,4,41,0,0,24,0,0
4515,3,4,49,0,0,29,0,0
4516,3,4,12,0,0,58,0,0
4517,2,3,50,0,0,45,0,0
4518,2,4,30,0,0,53,0,0
4519,1,4,32,0,77,45,0,1
4520,2,4,41,0,0,32,0,0
4521,2,3,25,0,0,56,0,0
4522,1,1,29,0,0,31,0,0
4523,2,4,50,0,0,29,0,0
4524,1,3,79,0,0,48,0,1
4525,1,1,110,0,0,36,0,1
4526,2,2,40,0,129,36,1,0
4527,3,1,18,0,0,41,0,1
4528,1,1,48,0,0,48,0,0
4529,3,4,40,0,0,27,0,0
4530,2,2,19,0,92,33,0,0
4531,1,1,35,0,131,31,0,1
4532,2,2,133,1,0,48,0,0
4533,2,2,19,0,0,59,0,0
4534,1,4,83,0,0,41,0,0
4535,3,3,39,0,0,42,0,0
4536,2,3,38,0,0,62,0,0
4537,3,1,63,0,0,62,0,1
4538,2,3,85,0,0,51,0,0
4539,1,4,14,0,0,48,0,0
4540,1,4,64,0,0,56,0,0
4541,1,1,124,0,405,62,0,0
4542,1,1,20,0,0,53,1,1
4543,3,3,33,0,0,62,0,0
4544,1,3,80,0,0,28,0,0
4545,3,2,35,0,0,61,0,0
4546,1,3,74,0,0,48,1,0
4547,2,2,32,0,0,50,0,0
4548,1,4,73,0,241,58,0,0
4549,1,2,41,0,0,53,0,0
4550,2,1,18,0,0,65,0,0
4551,2,4,28,0,0,27,0,0
4552,2,1,64,0,0,50,0,0
4553,2,2,44,0,192,50,0,0
4554,1,3,109,0,0,41,1,0
4555,3,3,71,0,179,43,0,0
4556,1,2,79,0,0,55,1,0
4557,2,2,30,0,0,33,0,0
4558,1,2,82,0,0,44,0,1
4559,2,3,101,0,270,47,0,0
4560,2,2,13,0,0,43,0,1
4561,3,3,59,0,0,59,0,0
4562,1,2,64,0,0,65,0,1
4563,1,2,188,0,0,28,1,0
4564,1,2,28,0,148,58,0,0
4565,3,2,120,1,76,33,0,1
4566,1,1,131,0,0,24,0,0
4567,2,3,19,0,97,46,1,0
4568,3,4,44,0,0,26,1,0
4569,2,3,49,0,0,47,1,0
4570,3,2,99,0,249,32,0,0
4571,3,1,95,0,0,58,0,0
4572,3,4,81,0,0,32,0,0
4573,3,2,73,0,264,46,0,1
4574,1,2,193,0,0,35,0,1
4575,3,2,115,1,0,53,0,0
4576,3,2,41,0,0,55,0,1
4577,3,2,80,0,0,63,0,1
4578,2,4,90,0,0,45,0,1
4579,1,1,41,0,81,58,0,0
4580,1,2,102,0,0,50,0,0
4581,3,1,59,0,0,37,0,1
4582,3,3,69,0,0,25,0,0
4583,1,1,83,1,0,52,0,0
4584,2,3,49,0,0,26,0,0
4585,3,1,180,1,571,35,0,1
4586,3,3,61,0,0,58,0,1
4587,3,4,59,0,0,37,0,0
4588,3,4,85,0,0,35,0,1
4589,3,1,13,0,0,31,0,0
4590,2,3,151,1,0,58,0,0
4591,2,3,44,0,0,43,0,0
4592,3,3,53,0,154,43,0,0
4593,2,1,133,1,0,54,0,1
4594,3,3,31,0,78,53,0,0
4595,2,4,101,0,0,32,0,0
4596,1,3,61,0,0,37,0,0
4597,2,3,68,0,0,34,0,0
4598,1,4,21,0,0,51,0,0
4599,1,2,149,0,0,49,0,0
4600,3,1,75,0,0,54,0,0
4601,3,1,55,0,0,37,0,0
4602,1,2,81,0,226,57,0,1
4603,1,1,179,0,0,37,0,0
4604,2,2,81,1,0,32,0,1
4605,2,1,42,0,0,48,0,0
4606,1,2,199,0,0,44,0,0
4607,2,1,18,0,0,50,0,1
4608,3,1,28,0,0,44,0,0
4609,3,4,80,0,143,54,0,0
4610,2,1,79,0,104,37,0,0
4611,2,2,52,0,0,34,0,0
4612,2,2,18,0,0,32,0,0
4613,1,4,52,0,218,63,0,1
4614,3,4,15,0,102,56,0,0
4615,3,4,84,0,0,37,0,0
4616,3,1,114,0,0,66,0,1
4617,3,3,41,0,0,38,0,1
4618,1,3,29,0,126,35,0,0
4619,1,1,23,0,96,61,0,0
4620,1,1,84,0,0,52,0,0
4621,1,3,60,0,0,57,1,1
4622,2,3,13,0,0,47,0,0
4623,3,2,45,0,0,50,0,0
4624,1,1,83,0,0,36,0,0
4625,2,4,102,1,81,45,0,0
4626,3,4,58,0,169,58,0,0
4627,2,1,134,1,307,27,0,0
4628,2,3,130,1,0,27,0,0
4629,1,2,148,0,0,48,0,1
4630,2,1,92,0,0,46,0,0
4631,2,4,142,1,120,32,0,1
4632,1,4,62,0,0,54,0,1
4633,1,1,50,0,0,31,0,0
4634,3,1,29,0,0,42,0,0
4635,1,2,85,0,293,30,1,1
4636,1,4,78,0,0,41,0,0
4637,3,4,85,0,0,44,0,1
4638,2,2,89,0,0,37,0,0
4639,3,3,33,0,0,51,0,1
4640,3,1,42,0,0,30,0,0
4641,1,4,31,0,124,36,0,1
4642,2,4,143,1,0,65,0,0
4643,1,4,35,0,0,33,0,0
4644,2,1,22,0,0,58,0,0
4645,1,1,45,0,84,34,0,0
4646,1,2,119,0,0,38,0,0
4647,1,4,43,0,0,59,0,0
4648,2,3,75,0,0,37,0,0
4649,1,1,121,0,0,59,0,0
4650,3,1,63,0,0,47,0,0
4651,1,2,58,0,0,48,0,0
4652,1,3,184,1,0,38,0,0
4653,1,2,155,0,0,34,0,1
4654,2,3,69,0,0,44,0,0
4655,2,2,188,1,581,33,0,0
4656,2,3,38,0,0,47,1,0
4657,2,2,9,0,0,41,0,1
4658,3,4,69,0,0,36,0,1
4659,1,1,199,0,0,28,0,0
4660,1,1,38,0,0,59,0,0
4661,1,1,129,0,0,43,1,0
4662,2,2,59,0,0,56,0,0
4663,1,1,115,0,200,28,0,0
4664,2,4,83,0,0,62,0,0
4665,1,2,65,0,0,40,0,0
4666,1,3,72,0,124,34,0,0
4667,3,1,72,0,0,52,0,0
4668,3,3,63,0,221,40,0,0
4669,2,4,64,0,0,27,0,1
4670,1,1,194,0,0,52,0,0
4671,3,1,104,0,0,39,0,1
4672,1,1,180,0,550,52,0,0
4673,2,2,18,0,88,50,0,1
4674,3,1,93,0,328,40,1,1
4675,1,1,32,0,137,35,0,1
4676,1,3,68,0,0,39,1,0
4677,3,2,38,0,0,25,0,0
4678,2,1,115,0,283,33,0,0
4679,1,2,161,0,0,26,0,0
4680,1,2,154,0,94,46,0,0
4681,1,4,68,0,0,27,0,1
4682,3,3,44,0,0,55,0,0
4683,1,2,149,0,0,52,0,0
4684,1,1,103,0,0,59,0,0
4685,2,4,41,0,0,63,0,0
4686,1,2,113,0,0,61,0,0
4687,2,4,48,0,0,58,0,1
4688,2,4,69,0,0,29,0,1
4689,2,4,43,0,164,51,0,1
4690,3,1,19,0,0,59,0,0
4691,3,3,65,0,0,41,0,0
4692,2,3,32,0,0,59,0,1
4693,1,1,20,0,0,52,0,0
4694,3,2,25,0,0,39,0,0
4695,1,1,70,0,0,45,0,1
4696,3,4,70,0,0,59,0,0
4697,2,3,103,0,167,49,0,0
4698,1,3,162,1,400,48,0,0
4699,1,2,61,0,153,61,0,1
4700,1,1,170,0,0,31,0,0
4701,1,1,49,0,0,42,0,0
4702,3,2,108,1,0,35,1,0
4703,3,3,62,0,0,57,0,0
4704,2,3,102,0,0,54,0,0
4705,1,3,141,1,0,61,0,1
4706,1,2,8,0,0,60,0,0
4707,1,2,91,0,0,59,1,1
4708,1,3,10,0,0,62,0,0
4709,2,2,35,0,119,26,0,1
4710,3,3,71,0,0,41,0,1
4711,1,3,59,0,0,65,0,0
4712,3,2,14,0,0,25,0,1
4713,1,2,122,0,0,25,0,0
4714,1,3,81,0,307,27,1,1
4715,3,1,35,0,150,65,0,0
4716,1,2,83,0,75,60,1,0
4717,1,1,121,0,0,29,0,0
4718,1,3,35,0,0,32,1,0
4719,3,4,140,1,0,32,0,1
4720,3,1,88,0,0,41,1,0
4721,1,2,70,0,0,52,1,0
4722,3,1,63,0,0,40,0,0
4723,1,1,125,0,0,39,0,1
4724,1,4,21,0,0,34,0,0
4725,1,2,75,0,0,34,0,0
4726,1,1,38,0,0,34,1,0
4727,1,4,58,0,0,41,0,1
4728,2,3,31,0,0,59,0,0
4729,3,4,18,0,0,40,0,0
4730,2,1,29,0,159,52,0,1
4731,3,2,29,0,0,37,0,1
4732,1,3,69,0,247,39,0,0
4733,1,1,121,0,0,49,0,0
4734,3,1,64,0,147,63,0,1
4735,2,4,84,0,323,34,0,0
4736,2,3,65,0,0,51,0,0
4737,2,3,85,0,0,61,0,0
4738,1,3,44,0,153,56,0,0
4739,1,1,174,0,0,62,0,1
4740,1,1,178,0,0,56,0,0
4741,1,4,55,0,0,58,0,0
4742,2,4,25,0,90,58,0,1
4743,1,1,21,0,0,50,0,0
4744,3,3,72,0,0,44,0,0
4745,1,1,129,0,0,49,0,1
4746,3,1,18,0,0,31,0,0
4747,2,4,91,0,0,49,0,0
4748,3,1,38,0,144,43,0,0
4749,1,3,21,0,0,31,0,0
4750,3,1,38,0,0,66,0,1
4751,1,1,154,0,0,41,0,1
4752,1,1,178,0,207,39,0,0
4753,2,1,85,0,0,46,1,1
4754,1,2,93,0,161,57,0,0
4755,1,2,151,0,0,59,0,0
4756,2,4,78,0,236,30,1,0
4757,1,1,135,0,0,26,0,0
4758,1,1,40,0,116,46,0,0
4759,2,4,80,0,0,66,0,0
4760,1,2,18,0,0,50,0,1
4761,2,2,74,0,0,61,0,1
4762,3,4,94,0,232,37,0,0
4763,2,1,173,1,0,51,0,0
4764,2,4,88,0,0,56,0,1
4765,1,1,82,0,263,58,0,0
4766,1,3,54,0,0,41,0,0
4767,1,3,45,0,101,35,1,0
4768,2,1,39,0,0,38,0,0
4769,1,4,20,0,116,26,0,0
4770,3,4,93,0,0,35,0,1
4771,3,3,85,0,0,36,0,0
4772,1,3,95,0,0,26,0,0
4773,2,2,48,0,0,53,0,0
4774,3,1,22,0,0,56,0,1
4775,3,1,33,0,171,44,0,0
4776,3,2,40,0,156,47,0,0
4777,2,4,30,0,78,32,0,0
4778,1,4,22,0,0,52,0,1
4779,3,1,20,0,0,39,0,0
4780,2,3,49,0,0,47,0,0
4781,2,3,25,0,0,35,1,0
4782,1,2,150,0,0,26,0,1
4783,1,4,32,0,0,43,0,0
4784,1,2,9,0,0,52,0,0
4785,3,2,23,0,0,30,1,0
4786,1,4,18,0,0,36,0,1
4787,2,3,42,0,121,48,0,0
4788,1,1,39,0,153,36,0,0
4789,2,4,84,0,0,58,0,0
4790,3,3,101,1,150,35,0,0
4791,1,4,43,0,0,59,0,1
4792,1,4,28,0,130,36,0,0
4793,1,2,59,0,155,45,0,0
4794,3,4,29,0,146,56,0,0
4795,1,2,39,0,101,46,0,0
4796,3,4,42,0,0,26,1,0
4797,1,4,24,0,0,37,0,0
4798,3,3,62,0,0,44,0,1
4799,1,4,33,0,142,44,0,1
4800,1,1,73,0,135,33,0,0
4801,1,2,88,0,121,34,0,0
4802,1,3,58,0,0,35,0,0
4803,3,2,48,0,0,48,0,0
4804,2,1,40,0,0,58,0,0
4805,1,1,160,0,249,30,0,0
4806,1,3,39,0,0,62,0,0
4807,1,1,53,0,0,40,0,1
4808,2,3,32,0,0,42,0,1
4809,2,3,32,0,0,43,0,0
4810,1,2,11,0,96,58,0,0
4811,3,2,123,1,0,36,0,0
4812,3,4,184,1,612,29,0,0
4813,2,3,60,0,142,49,0,1
4814,3,3,41,0,0,60,0,1
4815,1,2,99,0,0,58,0,1
4816,2,3,83,0,0,50,0,1
4817,1,2,134,0,0,46,0,0
4818,2,2,85,0,0,45,0,0
4819,1,3,41,0,179,32,0,0
4820,3,1,44,0,0,42,1,1
4821,1,1,62,0,0,30,0,1
4822,1,1,149,0,0,60,0,0
4823,3,2,115,1,0,46,1,1
4824,1,3,25,0,0,32,0,0
4825,1,2,84,0,0,56,0,0
4826,3,2,81,0,225,56,0,0
4827,1,1,181,0,230,30,0,0
4828,3,1,62,0,0,52,0,0
4829,3,1,11,0,80,31,0,1
4830,3,4,60,0,217,37,0,0
4831,3,1,42,0,144,30,0,1
4832,2,4,83,0,0,29,0,1
4833,1,1,109,0,0,49,0,0
4834,1,1,70,0,217,49,0,0
4835,1,2,25,0,113,65,0,0
4836,3,3,72,0,218,54,0,1
4837,1,2,183,0,0,36,0,0
4838,1,4,44,0,0,56,0,1
4839,1,4,52,0,0,34,0,0
4840,2,4,18,0,0,33,0,0
4841,1,4,40,0,135,59,0,0
4842,2,3,174,1,590,49,0,0
4843,2,4,41,0,0,61,0,0
4844,1,2,81,0,313,31,0,0
4845,1,1,128,0,0,45,0,0
4846,2,3,135,1,0,35,0,0
4847,2,2,65,0,260,37,0,0
4848,1,2,145,0,119,58,0,0
4849,3,2,65,0,0,49,0,1
4850,1,1,119,0,0,63,1,0
4851,1,2,124,0,0,55,0,0
4852,3,4,33,0,0,38,1,1
4853,1,1,41,0,0,45,0,0
4854,1,1,105,0,0,44,0,1
4855,1,2,130,0,0,58,0,0
4856,3,4,80,0,0,56,0,0
4857,2,1,115,0,0,37,0,1
4858,3,2,62,0,0,50,0,0
4859,3,1,165,1,541,34,0,0
4860,2,3,34,0,128,51,0,0
4861,3,1,18,0,121,49,0,0
4862,1,1,44,0,0,33,0,0
4863,2,1,25,0,142,61,0,0
4864,3,2,52,0,0,41,0,0
4865,2,4,133,1,342,50,0,1
4866,1,2,71,0,0,41,0,1
4867,3,4,61,0,0,38,0,0
4868,3,2,62,0,118,51,0,1
4869,3,3,33,0,0,63,0,1
4870,2,2,28,0,0,55,0,1
4871,1,4,53,0,187,46,0,0
4872,2,3,69,0,0,27,0,1
4873,1,2,165,0,0,59,0,0
4874,3,3,75,0,0,26,0,0
4875,1,3,54,0,0,61,0,0
4876,3,1,142,1,0,44,0,0
4877,3,4,53,0,0,53,0,0
4878,1,1,41,0,0,34,0,0
4879,1,4,43,0,98,40,0,0
4880,1,3,79,0,0,56,0,0
4881,3,2,24,0,140,57,0,0
4882,1,3,73,0,0,43,1,1
4883,3,3,129,1,0,38,0,1
4884,3,3,50,0,0,60,0,1
4885,1,2,28,0,0,54,0,0
4886,3,4,64,0,0,51,0,0
4887,3,3,49,0,0,41,0,1
4888,1,1,121,0,158,25,0,0
4889,3,3,58,0,0,58,0,0
4890,3,3,51,0,0,61,0,0
4891,1,4,61,0,0,56,1,1
4892,3,1,35,0,120,43,1,0
4893,3,3,39,0,0,42,1,1
4894,3,1,74,0,0,48,1,0
4895,1,2,201,0,0,45,0,1
4896,1,2,81,0,0,40,0,0
4897,1,1,44,0,0,43,0,0
4898,3,1,19,0,96,52,0,0
4899,3,4,85,0,299,54,0,0
4900,1,4,74,0,0,26,0,0
4901,2,3,54,0,0,26,0,0
4902,1,2,58,0,0,33,0,0
4903,2,2,18,0,119,40,0,1
4904,1,1,88,0,243,64,0,1
4905,1,3,19,0,89,62,0,0
4906,3,1,49,0,128,54,0,0
4907,2,3,101,0,0,34,0,0
4908,1,2,138,0,0,40,0,0
4909,2,2,25,0,0,41,0,1
4910,1,1,120,0,0,48,0,0
4911,1,2,153,0,0,46,0,0
4912,2,1,28,0,94,51,1,0
4913,3,1,110,0,0,30,0,0
4914,1,1,94,0,0,65,0,1
4915,2,1,48,0,0,49,0,1
4916,1,2,123,0,0,29,0,0
4917,2,4,33,0,82,36,1,0
4918,2,2,42,0,110,50,0,1
4919,1,3,68,0,0,41,0,1
4920,3,4,28,0,91,42,0,1
4921,3,3,42,0,0,37,0,1
4922,1,1,28,0,0,31,0,1
4923,1,3,73,0,0,40,0,1
4924,1,2,89,0,0,36,0,0
4925,2,4,82,0,0,64,0,0
4926,2,2,83,0,0,37,0,1
4927,2,1,121,1,0,43,0,1
4928,3,1,28,0,98,57,0,0
4929,1,2,39,0,0,62,0,0
4930,2,3,110,0,109,63,0,0
4931,3,1,55,0,0,57,0,0
4932,1,1,111,0,0,59,0,0
4933,1,1,94,0,0,47,0,1
4934,3,2,85,0,0,26,0,1
4935,1,2,81,0,0,59,0,0
4936,3,3,94,0,0,45,0,0
4937,1,1,162,0,0,33,0,1
4938,3,4,80,0,0,61,0,0
4939,2,3,70,0,116,54,0,1
4940,1,3,19,0,0,46,0,0
4941,2,2,112,1,0,28,0,0
4942,1,1,109,0,308,52,0,1
4943,2,1,12,0,0,26,0,0
4944,2,3,33,0,0,49,0,0
4945,1,2,49,0,106,42,0,1
4946,2,1,42,0,0,51,0,0
4947,1,2,41,0,108,39,0,1
4948,1,1,43,0,0,44,0,1
4949,1,4,64,0,249,29,0,1
4950,1,1,19,0,0,47,0,1
4951,3,1,65,0,0,53,0,1
4952,3,4,53,0,0,29,0,0
4953,1,3,32,0,75,47,0,0
4954,1,3,22,0,0,45,0,1
4955,3,2,39,0,0,63,0,1
4956,3,4,59,0,0,39,1,1
4957,3,2,50,0,0,29,0,1
4958,3,1,19,0,0,50,0,0
4959,2,1,55,0,197,51,1,0
4960,3,1,81,0,0,58,0,0
4961,3,3,108,0,0,39,0,1
4962,3,3,122,1,0,46,0,1
4963,3,2,98,0,306,32,0,0
4964,1,1,110,0,0,53,0,0
4965,2,1,33,0,78,29,0,0
4966,1,1,34,0,143,41,0,0
4967,2,1,69,0,0,41,0,0
4968,1,4,41,0,0,58,0,1
4969,3,2,60,0,250,45,0,0
4970,2,2,95,0,0,37,0,1
4971,3,1,73,0,0,58,1,0
4972,3,3,41,0,148,58,0,1
4973,3,4,68,0,0,31,0,0
4974,2,4,64,0,0,59,0,1
4975,2,4,29,0,0,38,0,0
4976,2,1,31,0,0,29,0,1
4977,3,3,54,0,0,40,0,0
4978,3,4,63,0,0,57,0,0
4979,2,1,92,0,213,50,0,1
4980,1,3,135,1,0,29,0,1
4981,1,2,195,0,122,34,0,0
4982,1,4,45,0,0,36,0,1
4983,1,1,72,0,0,51,0,0
4984,3,4,98,0,0,27,0,1
4985,2,3,30,0,162,48,0,0
4986,3,1,78,0,0,32,0,0
4987,2,3,43,0,159,48,0,0
4988,1,1,85,0,136,34,0,1
4989,3,1,38,0,0,24,0,0
4990,3,4,58,0,219,55,0,1
4991,2,1,92,0,100,51,0,1
4992,3,4,13,0,0,30,0,0
4993,1,2,218,0,0,45,0,0
4994,3,3,75,0,0,64,0,0
4995,3,1,40,0,0,29,0,0
4996,1,4,15,0,85,30,0,0
4997,3,2,24,0,0,63,0,0
4998,2,3,49,0,0,65,0,0
4999,1,3,83,0,0,28,0,1
